date;time;ledge;indiividual;sun_shade;temp;panting;raised_shoulders;orientation_sun
2020-05-18;20:16:00;Rost3;1;Shade;9.9;0;0;0
2020-05-18;20:16:00;Rost3;2;Shade;9.9;0;0;0
2020-05-18;20:16:00;Rost3;3;Shade;9.9;0;0;0
2020-05-18;20:16:00;Rost3;4;Shade;9.9;0;0;0
2020-05-18;20:16:00;Rost3;5;Shade;9.9;0;0;0
2020-05-18;20:16:00;Rost3;6;Sun;9.9;0;0;1
2020-05-19;15:12:00;Rost3;1;Shade;9.4;0;0;0
2020-05-19;15:12:00;Rost3;2;Shade;9.4;0;0;0
2020-05-19;15:12:00;Rost3;3;Shade;9.4;0;0;0
2020-05-19;15:12:00;Rost3;4;Shade;9.4;0;0;0
2020-05-19;15:12:00;Rost3;5;Shade;9.4;0;0;0
2020-05-19;15:12:00;Rost3;6;Shade;9.4;0;0;0
2020-05-19;15:12:00;Rost3;7;Shade;9.4;0;0;0
2020-05-20;15:00:00;Rost3;1;Shade;8.8;0;0;0
2020-05-20;15:00:00;Rost3;2;Shade;8.8;0;0;0
2020-05-20;15:00:00;Rost3;3;Shade;8.8;0;0;0
2020-05-20;15:00:00;Rost3;4;Shade;8.8;0;0;0
2020-05-20;15:00:00;Rost3;5;Shade;8.8;0;0;0
2020-05-20;15:00:00;Rost3;6;Shade;8.8;0;0;0
2020-05-20;15:00:00;Rost3;7;Shade;8.8;0;0;0
2020-05-20;15:00:00;Rost3;8;Shade;8.8;0;0;0
2020-05-23;20:22:00;Rost3;1;Shade;9.6;0;0;0
2020-05-23;20:22:00;Rost3;2;Shade;9.6;0;0;0
2020-05-23;20:22:00;Rost3;3;Shade;9.6;0;0;0
2020-05-23;20:22:00;Rost3;4;Shade;9.6;0;0;0
2020-05-23;20:22:00;Rost3;5;Shade;9.6;0;0;0
2020-05-23;20:22:00;Rost3;6;Shade;9.6;0;0;0
2020-05-23;20:22:00;Rost3;7;Shade;9.6;0;0;0
2020-05-23;20:22:00;Rost3;8;Shade;9.6;0;0;0
2020-05-25;19:58:00;Rost3;1;Shade;8.7;0;0;0
2020-05-25;19:58:00;Rost3;2;Shade;8.7;0;0;0
2020-05-25;19:58:00;Rost3;3;Shade;8.7;0;0;0
2020-05-25;19:58:00;Rost3;4;Shade;8.7;0;0;0
2020-05-25;19:58:00;Rost3;5;Shade;8.7;0;0;0
2020-07-06;17:36:00;Rost3;1;Both;16.4;0;0;0
2020-07-06;17:36:00;Rost3;2;Both;16.4;0;0;0
2020-07-06;17:36:00;Rost3;3;Shade;16.4;0;0;0
2020-07-06;17:36:00;Rost3;4;Shade;16.4;0;0;0
2020-07-06;17:36:00;Rost3;5;Shade;16.4;0;0;0
2020-07-06;17:36:00;Rost3;6;Shade;16.4;0;0;0
2020-07-06;17:36:00;Rost3;7;Shade;16.4;0;0;0
2020-07-06;17:36:00;Rost3;8;Shade;16.4;0;0;0
2020-06-01;16:12:00;Rost3;1;Shade;12.6;0;0;0
2020-06-01;16:12:00;Rost3;2;Shade;12.6;0;0;0
2020-06-01;16:12:00;Rost3;3;Shade;12.6;0;0;0
2020-06-01;16:12:00;Rost3;4;Shade;12.6;0;0;0
2020-06-01;16:12:00;Rost3;5;Shade;12.6;0;0;0
2020-06-01;16:12:00;Rost3;6;Shade;12.6;0;0;0
2020-06-01;16:12:00;Rost3;7;Shade;12.6;0;0;0
2020-06-20;16:12:00;Rost3;1;Sun;19.5;0;0;0
2020-06-20;16:12:00;Rost3;2;Sun;19.5;0;0;0
2020-06-20;16:12:00;Rost3;3;Shade;19.5;0;0;0
2020-06-20;16:12:00;Rost3;4;Shade;19.5;0;0;0
2020-06-20;16:12:00;Rost3;5;Shade;19.5;0;0;0
2020-06-20;16:12:00;Rost3;6;Shade;19.5;0;0;0
2020-06-20;16:12:00;Rost3;7;Shade;19.5;0;0;0
2020-06-20;16:12:00;Rost3;8;Shade;19.5;0;0;0
2020-06-08;16:06:00;Rost3;1;Shade;13.9;0;0;0
2020-06-08;16:06:00;Rost3;2;Shade;13.9;0;0;0
2020-06-08;16:06:00;Rost3;3;Shade;13.9;0;0;0
2020-06-08;16:06:00;Rost3;4;Shade;13.9;0;0;0
2020-06-08;16:06:00;Rost3;5;Shade;13.9;0;0;0
2020-06-08;16:06:00;Rost3;6;Shade;13.9;0;0;0
2020-06-08;16:06:00;Rost3;7;Shade;13.9;0;0;0
2020-06-08;16:06:00;Rost3;8;Shade;13.9;0;0;0
2020-06-08;16:06:00;Rost3;9;Shade;13.9;0;0;0
2020-07-10;18:30:00;Rost3;1;Shade;16.8;0;0;0
2020-07-10;18:30:00;Rost3;2;Shade;16.8;0;0;0
2020-07-10;18:30:00;Rost3;3;Shade;16.8;0;0;0
2020-07-10;18:30:00;Rost3;4;Shade;16.8;0;0;0
2020-07-10;18:30:00;Rost3;5;Shade;16.8;0;0;0
2020-07-05;19:10:00;Rost3;1;Shade;17.2;0;0;0
2020-07-05;19:10:00;Rost3;2;Shade;17.2;0;0;0
2020-07-05;19:10:00;Rost3;3;Both;17.2;0;0;0
2020-07-05;19:10:00;Rost3;4;Both;17.2;0;0;0
2020-07-05;19:10:00;Rost3;5;Sun;17.2;0;0;0
2020-07-05;19:10:00;Rost3;6;Both;17.2;0;0;0
2020-07-05;19:10:00;Rost3;7;Both;17.2;0;0;0
2020-05-28;17:56:00;Rost3;1;Sun;12.7;0;0;0
2020-05-28;17:56:00;Rost3;2;Shade;12.7;0;0;0
2020-05-28;17:56:00;Rost3;3;Shade;12.7;0;0;0
2020-05-28;17:56:00;Rost3;4;Shade;12.7;0;0;0
2020-05-28;17:56:00;Rost3;5;Shade;12.7;0;0;0
2020-05-28;17:56:00;Rost3;6;Shade;12.7;0;0;0
2020-05-28;17:56:00;Rost3;7;Shade;12.7;0;0;0
2020-05-25;17:38:00;Rost3;1;Shade;10.2;0;0;0
2020-05-25;17:38:00;Rost3;2;Both;10.2;0;0;0
2020-05-25;17:38:00;Rost3;3;Shade;10.2;0;0;0
2020-05-25;17:38:00;Rost3;4;Shade;10.2;0;0;0
2020-05-25;17:38:00;Rost3;5;Shade;10.2;0;0;0
2020-05-25;17:38:00;Rost3;6;Shade;10.2;0;0;0
2020-05-27;16:04:00;Rost3;1;Shade;13.5;0;0;0
2020-05-27;16:04:00;Rost3;2;Shade;13.5;0;0;0
2020-05-27;16:04:00;Rost3;3;Shade;13.5;0;0;0
2020-05-27;16:04:00;Rost3;4;Shade;13.5;0;0;0
2020-05-27;16:04:00;Rost3;5;Shade;13.5;0;0;0
2020-05-27;16:04:00;Rost3;6;Shade;13.5;0;0;0
2020-05-27;16:04:00;Rost3;7;Shade;13.5;0;0;0
2020-06-17;20:22:00;Rost3;1;Shade;20.1;0;0;0
2020-06-17;20:22:00;Rost3;2;Shade;20.1;0;0;0
2020-06-17;20:22:00;Rost3;3;Both;20.1;0;0;0
2020-06-17;20:22:00;Rost3;4;Shade;20.1;0;0;0
2020-06-17;20:22:00;Rost3;5;Both;20.1;0;0;0
2020-06-17;20:22:00;Rost3;6;Shade;20.1;0;0;0
2020-06-17;20:22:00;Rost3;7;Shade;20.1;0;0;0
2020-06-17;20:22:00;Rost3;8;Both;20.1;0;0;0
2020-06-14;20:20:00;Rost3;1;Shade;20.2;0;0;0
2020-06-14;20:20:00;Rost3;2;Shade;20.2;0;0;0
2020-06-14;20:20:00;Rost3;3;Both;20.2;0;0;0
2020-06-14;20:20:00;Rost3;4;Shade;20.2;0;0;0
2020-06-14;20:20:00;Rost3;5;Shade;20.2;0;0;0
2020-06-14;20:20:00;Rost3;6;Both;20.2;0;0;0
2020-06-14;20:20:00;Rost3;7;Shade;20.2;0;0;0
2020-06-20;20:32:00;Rost3;1;Shade;20.5;0;0;0
2020-06-20;20:32:00;Rost3;2;Shade;20.5;0;0;0
2020-06-20;20:32:00;Rost3;3;Shade;20.5;0;0;0
2020-06-20;20:32:00;Rost3;4;Both;20.5;0;0;0
2020-06-20;20:32:00;Rost3;5;Shade;20.5;0;0;0
2020-06-20;20:32:00;Rost3;6;Shade;20.5;0;0;0
2020-06-20;20:32:00;Rost3;7;Shade;20.5;0;0;0
2020-06-26;17:18:00;Rost3;1;Both;25.8;0;0;0
2020-06-26;17:18:00;Rost3;2;Sun;25.8;1;1;0
2020-06-26;17:18:00;Rost3;3;Shade;25.8;1;1;0
2020-06-26;17:18:00;Rost3;4;Shade;25.8;0;1;0
2020-06-26;17:18:00;Rost3;5;Shade;25.8;0;1;0
2020-06-26;17:18:00;Rost3;6;Shade;25.8;0;0;0
2020-06-26;17:18:00;Rost3;7;Shade;25.8;0;0;0
2020-06-28;19:00:00;Rost3;1;Shade;23.3;0;0;0
2020-06-28;19:00:00;Rost3;2;Shade;23.3;0;1;0
2020-06-28;19:00:00;Rost3;3;Shade;23.3;0;0;0
2020-06-28;19:00:00;Rost3;4;Shade;23.3;0;0;0
2020-06-28;19:00:00;Rost3;5;Shade;23.3;0;1;0
2020-06-28;19:00:00;Rost3;6;Shade;23.3;0;0;0
2020-06-29;16:18:00;Rost3;1;Both;21.3;0;0;0
2020-06-29;16:18:00;Rost3;2;Both;21.3;0;0;0
2020-06-29;16:18:00;Rost3;3;Both;21.3;0;0;0
2020-06-29;16:18:00;Rost3;4;Shade;21.3;0;0;0
2020-06-29;16:18:00;Rost3;5;Shade;21.3;0;0;0
2020-06-29;16:18:00;Rost3;6;Shade;21.3;0;0;0
2020-06-29;16:18:00;Rost3;7;Shade;21.3;0;0;0
2020-06-29;16:18:00;Rost3;8;Shade;21.3;0;0;0
2020-07-13;20:42:00;Rost3;1;Both;20;0;0;0
2020-07-13;20:42:00;Rost3;2;Both;20;0;0;0
2020-06-25;15:48:00;Rost3;1;Both;21.3;0;0;0
2020-06-25;15:48:00;Rost3;2;Both;21.3;0;0;0
2020-06-25;15:48:00;Rost3;3;Shade;21.3;0;0;0
2020-06-25;15:48:00;Rost3;4;Shade;21.3;0;0;0
2020-06-25;15:48:00;Rost3;5;Shade;21.3;0;0;0
2020-06-25;15:48:00;Rost3;6;Shade;21.3;0;0;0
2020-06-25;15:48:00;Rost3;7;Shade;21.3;0;0;0
2020-06-24;18:56:00;Rost3;1;Both;23.2;0;0;0
2020-06-24;18:56:00;Rost3;2;Both;23.2;0;1;0
2020-06-24;18:56:00;Rost3;3;Both;23.2;0;0;0
2020-06-24;18:56:00;Rost3;4;Both;23.2;0;1;0
2020-06-24;18:56:00;Rost3;5;Both;23.2;0;1;0
2020-06-24;18:56:00;Rost3;6;Both;23.2;0;0;0
2020-06-24;18:56:00;Rost3;7;Both;23.2;0;1;0
2020-06-24;18:56:00;Rost3;8;Both;23.2;0;1;0
2020-06-13;20:24:00;Rost3;1;Shade;21.8;0;0;0
2020-06-13;20:24:00;Rost3;2;Shade;21.8;0;0;0
2020-06-13;20:24:00;Rost3;3;Shade;21.8;0;0;0
2020-06-13;20:24:00;Rost3;4;Shade;21.8;0;0;0
2020-06-13;20:24:00;Rost3;5;Shade;21.8;0;0;0
2020-06-13;20:24:00;Rost3;6;Both;21.8;0;0;0
2020-05-18;20:46:00;Tri3;1;Shade;9.5;0;0;0
2020-05-18;20:46:00;Tri3;2;Shade;9.5;0;0;0
2020-05-18;20:46:00;Tri3;3;Shade;9.5;0;0;0
2020-05-18;20:46:00;Tri3;4;Shade;9.5;0;0;0
2020-05-18;20:46:00;Tri3;5;Shade;9.5;0;0;0
2020-05-18;20:46:00;Tri3;6;Shade;9.5;0;0;0
2020-05-18;20:46:00;Tri3;7;Shade;9.5;0;0;0
2020-05-20;15:04:00;Tri3;1;Both;9.7;0;0;0
2020-05-20;15:04:00;Tri3;2;Shade;9.7;0;0;0
2020-05-20;15:04:00;Tri3;3;Both;9.7;0;0;0
2020-05-23;16:22:00;Tri3;1;Shade;9.4;0;0;0
2020-05-23;16:22:00;Tri3;2;Shade;9.4;0;0;0
2020-05-23;16:22:00;Tri3;3;Shade;9.4;0;1;0
2020-05-23;16:22:00;Tri3;4;Shade;9.4;0;0;0
2020-05-23;16:22:00;Tri3;5;Shade;9.4;0;0;0
2020-05-23;16:22:00;Tri3;6;Shade;9.4;0;0;0
2020-05-23;16:22:00;Tri3;7;Shade;9.4;0;0;0
2020-05-25;19:42:00;Tri3;1;Shade;9.2;0;0;0
2020-05-25;19:42:00;Tri3;2;Shade;9.2;0;0;0
2020-05-25;19:42:00;Tri3;3;Shade;9.2;0;0;0
2020-05-25;19:42:00;Tri3;4;Shade;9.2;0;0;0
2020-06-11;17:18:00;Tri3;1;Shade;18.2;0;0;0
2020-06-11;17:18:00;Tri3;2;Shade;18.2;0;0;0
2020-06-11;17:18:00;Tri3;3;Shade;18.2;0;0;0
2020-06-11;17:18:00;Tri3;4;Shade;18.2;0;0;0
2020-06-11;17:18:00;Tri3;5;Shade;18.2;0;0;0
2020-06-23;15:14:00;Tri3;1;Sun;18.2;0;0;0
2020-06-23;15:14:00;Tri3;2;Both;18.2;0;0;0
2020-06-23;15:14:00;Tri3;3;Sun;18.2;0;0;0
2020-06-23;15:14:00;Tri3;4;Shade;18.2;0;0;0
2020-06-23;15:14:00;Tri3;5;Shade;18.2;0;0;0
2020-06-23;15:14:00;Tri3;6;Both;18.2;0;0;0
2020-06-23;15:14:00;Tri3;7;Both;18.2;0;0;0
2020-06-01;15:24:00;Tri3;1;Both;15.3;0;0;0
2020-06-01;15:24:00;Tri3;2;Sun;15.3;0;0;0
2020-06-01;15:24:00;Tri3;3;Sun;15.3;0;0;0
2020-06-01;15:24:00;Tri3;4;Both;15.3;0;0;0
2020-06-01;15:24:00;Tri3;5;Shade;15.3;0;0;0
2020-06-01;15:24:00;Tri3;6;Both;15.3;0;0;0
2020-06-01;15:24:00;Tri3;7;Sun;15.3;0;0;0
2020-06-01;15:24:00;Tri3;8;Both;15.3;0;0;0
2020-05-19;20:20:00;Tri3;1;Shade;12.7;0;0;0
2020-05-19;20:20:00;Tri3;2;Shade;12.7;0;0;0
2020-05-19;20:20:00;Tri3;3;Shade;12.7;0;0;0
2020-05-19;20:20:00;Tri3;4;Shade;12.7;0;0;0
2020-06-05;20:50:00;Tri3;1;Shade;13.2;0;0;0
2020-06-05;20:50:00;Tri3;2;Shade;13.2;0;1;0
2020-06-05;20:50:00;Tri3;3;Shade;13.2;0;0;0
2020-06-05;20:50:00;Tri3;4;Shade;13.2;0;1;0
2020-06-09;15:16:00;Tri3;1;Both;18.4;0;0;0
2020-06-09;15:16:00;Tri3;2;Sun;18.4;0;0;0
2020-06-09;15:16:00;Tri3;3;Both;18.4;0;0;0
2020-07-12;18:42:00;Tri3;1;Shade;19.1;0;0;0
2020-07-04;18:38:00;Tri3;1;Shade;15.3;0;0;0
2020-07-04;18:38:00;Tri3;2;Shade;15.3;0;0;0
2020-07-04;18:38:00;Tri3;3;Shade;15.3;0;0;0
2020-07-04;18:38:00;Tri3;4;Shade;15.3;0;0;0
2020-07-04;18:38:00;Tri3;5;Shade;15.3;0;0;0
2020-05-18;19:46:00;Tri3;1;Sun;16.1;0;0;0
2020-05-18;19:46:00;Tri3;2;Sun;16.1;0;0;1
2020-05-18;19:46:00;Tri3;3;Sun;16.1;0;0;1
2020-05-18;19:46:00;Tri3;4;Sun;16.1;0;0;0
2020-05-18;19:46:00;Tri3;5;Sun;16.1;0;0;0
2020-05-18;19:46:00;Tri3;6;Sun;16.1;0;0;0
2020-05-18;19:46:00;Tri3;7;Sun;16.1;0;0;0
2020-05-24;20:22:00;Tri3;1;Sun;17.4;0;0;1
2020-05-24;20:22:00;Tri3;2;Sun;17.4;0;0;0
2020-05-24;20:22:00;Tri3;3;Sun;17.4;0;0;1
2020-05-24;20:22:00;Tri3;4;Sun;17.4;0;0;0
2020-05-24;20:22:00;Tri3;5;Sun;17.4;0;0;0
2020-06-25;15:16:00;Tri3;1;Both;26;0;0;0
2020-06-25;15:16:00;Tri3;2;Sun;26;0;0;0
2020-06-25;15:16:00;Tri3;3;Both;26;0;0;0
2020-06-25;15:16:00;Tri3;4;Both;26;0;1;0
2020-06-25;15:16:00;Tri3;5;Both;26;0;0;0
2020-06-25;15:16:00;Tri3;6;Both;26;0;1;1
2020-06-25;15:16:00;Tri3;7;Both;26;1;1;0
2020-06-03;18:22:00;Tri3;1;Sun;29.4;0;0;0
2020-06-03;18:22:00;Tri3;2;Sun;29.4;1;1;0
2020-06-03;18:22:00;Tri3;3;Sun;29.4;1;1;0
2020-06-03;18:22:00;Tri3;4;Sun;29.4;1;1;0
2020-06-17;16:22:00;Tri3;1;Sun;27.6;0;0;0
2020-06-17;16:22:00;Tri3;2;Sun;27.6;0;1;0
2020-06-17;16:22:00;Tri3;3;Sun;27.6;1;1;0
2020-06-17;16:22:00;Tri3;4;Sun;27.6;0;0;0
2020-06-17;16:22:00;Tri3;5;Sun;27.6;0;1;1
2020-06-17;16:22:00;Tri3;6;Sun;27.6;1;1;0
2020-07-14;19:48:00;Tri3;1;Sun;20.3;0;0;0
2020-07-14;19:48:00;Tri3;2;Sun;20.3;0;0;1
2020-06-24;15:28:00;Tri3;1;Sun;29.7;1;1;0
2020-06-24;15:28:00;Tri3;2;Both;29.7;1;1;0
2020-06-24;15:28:00;Tri3;3;Both;29.7;0;0;0
2020-06-24;15:28:00;Tri3;4;Sun;29.7;0;0;1
2020-06-24;15:28:00;Tri3;5;Both;29.7;1;1;0
2020-06-29;19:10:00;Tri3;1;Shade;20.9;0;0;0
2020-06-29;19:10:00;Tri3;2;Shade;20.9;0;0;0
2020-06-29;19:10:00;Tri3;3;Shade;20.9;0;0;0
2020-06-29;19:10:00;Tri3;4;Shade;20.9;0;0;0
2020-06-29;19:10:00;Tri3;5;Shade;20.9;0;0;0
2020-06-14;20:08:00;Tri3;1;Sun;27.1;0;0;0
2020-06-14;20:08:00;Tri3;2;Sun;27.1;0;1;0
2020-06-14;20:08:00;Tri3;3;Sun;27.1;0;1;0
2020-06-14;20:08:00;Tri3;4;Sun;27.1;0;1;0
2020-06-27;15:04:00;Tri3;1;Sun;27.7;1;1;0
2020-06-27;15:04:00;Tri3;2;Both;27.7;0;1;1
2020-06-27;15:04:00;Tri3;3;Both;27.7;0;0;0
2020-07-05;20:40:00;Tri3;1;Sun;20;0;0;0
2020-07-05;20:40:00;Tri3;2;Sun;20;0;0;0
2020-07-05;20:40:00;Tri3;3;Sun;20;0;0;0
2020-07-05;20:40:00;Tri3;4;Sun;20;0;0;1
2020-07-05;20:40:00;Tri3;5;Sun;20;0;0;0
2020-07-05;20:40:00;Tri3;6;Sun;20;0;0;0
2020-07-05;20:40:00;Tri3;7;Sun;20;0;1;0
2020-06-08;18:16:00;Tri3;1;Sun;29.1;0;1;0
2020-06-08;18:16:00;Tri3;2;Sun;29.1;0;1;0
2020-06-08;18:16:00;Tri3;3;Sun;29.1;1;0;0
2020-06-08;18:16:00;Tri3;4;Sun;29.1;0;0;0
2020-06-08;18:16:00;Tri3;5;Sun;29.1;0;0;0
2020-06-08;17:54:00;Tri3;1;Sun;30;0;1;0
2020-06-08;17:54:00;Tri3;2;Sun;30;0;1;0
2020-06-08;17:54:00;Tri3;3;Sun;30;1;0;0
2020-06-08;17:54:00;Tri3;4;Sun;30;0;0;0
2020-06-08;17:54:00;Tri3;5;Sun;30;1;0;0
2020-05-19;18:52:00;Tri3;1;Sun;30.1;0;1;1
2020-06-09;16:30:00;Tri3;1;Sun;33.7;1;1;0
2020-06-09;16:30:00;Tri3;2;Sun;33.7;1;1;0
2020-07-08;20:22:00;Tri3;1;Sun;32.2;1;1;1
2020-07-08;20:22:00;Tri3;2;Sun;32.2;0;1;0
2020-07-02;16:34:00;Tri3;1;Sun;30.9;0;0;0
2020-07-02;16:34:00;Tri3;2;Sun;30.9;0;0;0
2020-07-02;16:34:00;Tri3;3;Sun;30.9;0;0;1
2020-07-02;16:34:00;Tri3;4;Sun;30.9;0;1;0
2020-06-17;20:30:00;Tri3;1;Sun;38.9;1;1;1
2020-06-17;20:30:00;Tri3;2;Sun;38.9;0;1;0
2020-06-17;20:30:00;Tri3;3;Sun;38.9;1;1;0
2020-06-28;18:26:00;Tri3;1;Sun;34.4;0;1;0
2020-06-28;18:26:00;Tri3;2;Sun;34.4;0;1;0
2020-07-14;17:50:00;Tri3;1;Sun;31.1;0;1;0
2020-06-19;18:50:00;Tri3;1;Sun;31.1;0;0;0
2020-06-19;18:50:00;Tri3;2;Sun;31.1;0;0;0
2020-06-19;18:50:00;Tri3;3;Sun;31.1;0;0;0
2020-06-19;18:50:00;Tri3;4;Sun;31.1;0;0;0
2020-06-19;18:50:00;Tri3;5;Sun;31.1;0;0;0
2020-06-25;17:26:00;Tri3;1;Sun;38;1;1;1
2020-06-25;17:26:00;Tri3;2;Sun;38;1;1;1
2020-06-25;17:26:00;Tri3;3;Sun;38;1;1;0
2020-06-25;17:26:00;Tri3;4;Sun;38;1;1;0
2020-06-25;17:26:00;Tri3;5;Sun;38;1;1;0
2020-06-13;17:28:00;Tri3;1;Sun;40.3;1;1;1
2020-06-13;17:28:00;Tri3;2;Sun;40.3;1;1;0
2020-06-13;17:28:00;Tri3;3;Sun;40.3;1;1;0
2020-06-13;17:28:00;Tri3;4;Sun;40.3;1;1;0
2020-06-13;17:28:00;Tri3;5;Sun;40.3;1;1;0
2020-06-13;17:28:00;Tri3;6;Sun;40.3;1;1;0
2020-06-17;20:14:00;Tri3;1;Sun;41.1;1;1;0
2020-06-17;20:14:00;Tri3;2;Sun;41.1;1;1;0
2020-06-17;20:14:00;Tri3;3;Sun;41.1;1;1;0
2020-06-21;18:24:00;Tri3;1;Sun;41.7;1;1;0
2020-06-21;18:24:00;Tri3;2;Sun;41.7;1;1;0
2020-06-21;18:24:00;Tri3;3;Sun;41.7;1;1;0
2020-06-24;17:34:00;Tri3;1;Sun;41.9;1;1;1
2020-06-24;17:34:00;Tri3;2;Sun;41.9;1;1;0
2020-06-24;17:34:00;Tri3;3;Sun;41.9;1;1;0
2020-06-24;17:34:00;Tri3;4;Sun;41.9;1;1;0
2020-06-25;20:32:00;Tri3;1;Sun;42.1;1;1;1
2020-06-25;20:32:00;Tri3;2;Sun;42.1;1;1;0
2020-06-25;20:32:00;Tri3;3;Sun;42.1;1;1;0
2020-06-25;20:32:00;Tri3;4;Sun;42.1;1;1;0
2020-06-26;17:52:00;Tri3;1;Sun;45.5;1;1;0
2020-06-26;17:52:00;Tri3;2;Sun;45.5;1;1;0
2020-06-27;17:58:00;Tri3;1;Sun;43.9;1;1;0
2020-05-18;20:34:00;Far3;1;Shade;9.9;0;0;0
2020-05-18;20:34:00;Far3;2;Shade;9.9;0;0;0
2020-05-18;20:34:00;Far3;3;Shade;9.9;0;0;0
2020-05-18;20:34:00;Far3;4;Shade;9.9;0;0;0
2020-05-18;20:34:00;Far3;5;Shade;9.9;0;0;0
2020-05-18;20:34:00;Far3;6;Shade;9.9;0;0;0
2020-05-18;20:34:00;Far3;7;Shade;9.9;0;0;0
2020-05-18;20:34:00;Far3;8;Shade;9.9;0;0;0
2020-05-18;20:34:00;Far3;9;Shade;9.9;0;0;0
2020-05-18;20:34:00;Far3;10;Shade;9.9;0;0;0
2020-05-18;20:34:00;Far3;11;Shade;9.9;0;0;0
2020-05-20;15:04:00;Far3;1;Shade;9.7;0;0;0
2020-05-20;15:04:00;Far3;2;Sun;9.7;0;0;0
2020-05-20;15:04:00;Far3;3;Shade;9.7;0;0;0
2020-05-20;15:04:00;Far3;4;Both;9.7;0;0;0
2020-05-23;17:50:00;Far3;1;Shade;9.1;0;0;0
2020-05-23;17:50:00;Far3;2;Shade;9.1;0;0;0
2020-05-23;17:50:00;Far3;3;Shade;9.1;0;0;0
2020-05-23;17:50:00;Far3;4;Shade;9.1;0;0;0
2020-05-23;17:50:00;Far3;5;Shade;9.1;0;0;0
2020-05-23;17:50:00;Far3;6;Shade;9.1;0;0;0
2020-05-25;20:40:00;Far3;1;Shade;7.9;0;0;0
2020-05-25;20:40:00;Far3;2;Shade;7.9;0;0;0
2020-05-25;20:40:00;Far3;3;Shade;7.9;0;0;0
2020-05-25;20:40:00;Far3;4;Shade;7.9;0;0;0
2020-05-25;20:40:00;Far3;5;Shade;7.9;0;0;0
2020-05-25;20:40:00;Far3;6;Shade;7.9;0;0;0
2020-05-25;20:40:00;Far3;7;Shade;7.9;0;0;0
2020-05-25;20:40:00;Far3;8;Shade;7.9;0;0;0
2020-05-25;20:40:00;Far3;9;Shade;7.9;0;0;0
2020-05-25;18:18:00;Far3;1;Shade;12.3;0;0;0
2020-05-25;18:18:00;Far3;2;Shade;12.3;0;0;0
2020-05-25;18:18:00;Far3;3;Shade;12.3;0;0;0
2020-05-25;18:18:00;Far3;4;Shade;12.3;0;0;0
2020-05-25;18:18:00;Far3;5;Shade;12.3;0;0;0
2020-05-25;18:18:00;Far3;6;Shade;12.3;0;0;0
2020-05-25;18:18:00;Far3;7;Shade;12.3;0;0;0
2020-05-25;18:18:00;Far3;8;Shade;12.3;0;0;0
2020-05-25;18:18:00;Far3;9;Shade;12.3;0;0;0
2020-07-12;15:02:00;Far3;1;Both;17.7;0;0;1
2020-07-12;15:02:00;Far3;2;Both;17.7;0;0;0
2020-07-12;15:02:00;Far3;3;Shade;17.7;0;0;0
2020-07-12;15:02:00;Far3;4;Sun;17.7;0;0;1
2020-07-01;17:14:00;Far3;1;Shade;17.6;0;0;0
2020-07-01;17:14:00;Far3;2;Shade;17.6;0;0;0
2020-07-01;17:14:00;Far3;3;Shade;17.6;0;0;0
2020-07-01;17:14:00;Far3;4;Shade;17.6;0;0;0
2020-07-01;17:14:00;Far3;5;Shade;17.6;0;0;0
2020-07-01;17:14:00;Far3;6;Shade;17.6;0;0;0
2020-07-01;17:14:00;Far3;7;Shade;17.6;0;0;0
2020-07-01;17:14:00;Far3;8;Shade;17.6;0;0;0
2020-07-01;17:14:00;Far3;9;Shade;17.6;0;0;0
2020-07-01;17:14:00;Far3;10;Shade;17.6;0;0;0
2020-07-01;17:14:00;Far3;11;Shade;17.6;0;0;0
2020-07-01;17:14:00;Far3;12;Shade;17.6;0;1;0
2020-07-10;17:08:00;Far3;1;Shade;16.9;0;0;0
2020-07-10;17:08:00;Far3;2;Shade;16.9;0;0;0
2020-07-10;17:08:00;Far3;3;Shade;16.9;0;0;0
2020-07-10;17:08:00;Far3;4;Shade;16.9;0;0;0
2020-07-10;17:08:00;Far3;5;Shade;16.9;0;0;0
2020-07-10;17:08:00;Far3;6;Shade;16.9;0;0;0
2020-07-10;17:08:00;Far3;7;Shade;16.9;0;0;0
2020-07-10;17:08:00;Far3;8;Shade;16.9;0;0;0
2020-07-07;20:22:00;Far3;1;Shade;16.4;0;0;0
2020-07-07;20:22:00;Far3;2;Shade;16.4;0;0;0
2020-07-07;20:22:00;Far3;3;Shade;16.4;0;0;0
2020-07-07;20:22:00;Far3;4;Shade;16.4;0;0;0
2020-07-07;20:22:00;Far3;5;Shade;16.4;0;0;0
2020-07-07;20:22:00;Far3;6;Shade;16.4;0;0;0
2020-07-07;20:22:00;Far3;7;Shade;16.4;0;0;0
2020-07-07;20:22:00;Far3;8;Shade;16.4;0;0;0
2020-07-07;20:22:00;Far3;9;Shade;16.4;0;0;0
2020-07-07;20:22:00;Far3;10;Shade;16.4;0;0;0
2020-07-07;20:22:00;Far3;11;Shade;16.4;0;0;0
2020-06-16;18:24:00;Far3;1;Shade;14.2;0;0;0
2020-06-16;18:24:00;Far3;2;Shade;14.2;0;0;0
2020-06-16;18:24:00;Far3;3;Shade;14.2;0;0;0
2020-06-16;18:24:00;Far3;4;Shade;14.2;0;0;0
2020-06-16;18:24:00;Far3;5;Shade;14.2;0;0;0
2020-06-16;18:24:00;Far3;6;Shade;14.2;0;0;0
2020-06-16;18:24:00;Far3;7;Shade;14.2;0;0;0
2020-06-16;18:24:00;Far3;8;Shade;14.2;0;0;0
2020-07-14;20:16:00;Far3;1;Sun;17.3;0;0;1
2020-07-14;20:16:00;Far3;2;Sun;17.3;0;0;1
2020-07-14;20:16:00;Far3;3;Sun;17.3;0;0;0
2020-07-14;20:16:00;Far3;4;Sun;17.3;0;0;0
2020-06-07;20:44:00;Far3;1;Shade;13.3;0;0;0
2020-06-07;20:44:00;Far3;2;Shade;13.3;0;0;0
2020-06-07;20:44:00;Far3;3;Shade;13.3;0;0;0
2020-06-07;20:44:00;Far3;4;Shade;13.3;0;0;0
2020-06-07;20:44:00;Far3;5;Shade;13.3;0;0;0
2020-06-07;20:44:00;Far3;6;Shade;13.3;0;0;0
2020-06-07;20:44:00;Far3;7;Shade;13.3;0;0;0
2020-06-07;20:44:00;Far3;8;Shade;13.3;0;0;0
2020-06-07;20:44:00;Far3;9;Shade;13.3;0;0;0
2020-06-11;18:14:00;Far3;1;Shade;14.5;0;0;0
2020-06-11;18:14:00;Far3;2;Shade;14.5;0;0;0
2020-06-11;18:14:00;Far3;3;Shade;14.5;0;0;0
2020-06-11;18:14:00;Far3;4;Shade;14.5;0;0;0
2020-06-11;18:14:00;Far3;5;Shade;14.5;0;0;0
2020-06-11;18:14:00;Far3;6;Shade;14.5;0;0;0
2020-06-11;18:14:00;Far3;7;Shade;14.5;0;0;0
2020-06-03;15:02:00;Far3;1;Both;16.2;0;0;0
2020-06-03;15:02:00;Far3;2;Both;16.2;0;0;1
2020-06-03;15:02:00;Far3;3;Both;16.2;0;0;0
2020-06-03;15:02:00;Far3;4;Sun;16.2;0;0;0
2020-06-03;15:02:00;Far3;5;Both;16.2;0;0;0
2020-06-03;15:02:00;Far3;6;Shade;16.2;0;0;0
2020-06-03;15:02:00;Far3;7;Shade;16.2;0;0;0
2020-06-03;15:02:00;Far3;8;Both;16.2;0;0;0
2020-06-03;15:02:00;Far3;9;Shade;16.2;0;0;0
2020-06-03;15:02:00;Far3;10;Both;16.2;0;0;0
2020-06-12;16:40:00;Far3;1;Both;25.9;0;0;0
2020-06-12;16:40:00;Far3;2;Both;25.9;0;0;0
2020-06-12;16:40:00;Far3;3;Sun;25.9;0;0;1
2020-06-12;16:40:00;Far3;4;Sun;25.9;0;0;0
2020-06-12;16:40:00;Far3;5;Sun;25.9;0;0;0
2020-06-12;16:40:00;Far3;6;Sun;25.9;0;0;1
2020-06-12;16:40:00;Far3;7;Sun;25.9;0;0;0
2020-06-12;16:40:00;Far3;8;Sun;25.9;0;0;0
2020-06-12;16:40:00;Far3;9;Sun;25.9;0;0;0
2020-06-12;16:40:00;Far3;10;Sun;25.9;0;0;0
2020-06-08;16:48:00;Far3;1;Both;24.7;0;0;0
2020-06-08;16:48:00;Far3;2;Both;24.7;0;0;0
2020-06-08;16:48:00;Far3;3;Sun;24.7;0;0;0
2020-06-08;16:48:00;Far3;4;Sun;24.7;0;0;0
2020-06-08;16:48:00;Far3;5;Sun;24.7;0;0;0
2020-06-08;16:48:00;Far3;6;Sun;24.7;0;0;0
2020-06-08;16:48:00;Far3;7;Sun;24.7;0;1;0
2020-06-08;16:48:00;Far3;8;Sun;24.7;0;0;0
2020-06-08;16:48:00;Far3;9;Sun;24.7;0;0;0
2020-06-08;16:48:00;Far3;10;Sun;24.7;0;0;0
2020-06-30;18:44:00;Far3;1;Both;21.9;0;0;0
2020-06-30;18:44:00;Far3;2;Sun;21.9;0;1;0
2020-06-30;18:44:00;Far3;3;Sun;21.9;0;0;0
2020-06-30;18:44:00;Far3;4;Sun;21.9;0;0;0
2020-06-30;18:44:00;Far3;5;Sun;21.9;0;0;0
2020-06-30;18:44:00;Far3;6;Sun;21.9;0;0;0
2020-06-30;18:44:00;Far3;7;Sun;21.9;0;0;1
2020-06-30;18:44:00;Far3;8;Sun;21.9;0;0;0
2020-06-30;18:44:00;Far3;9;Sun;21.9;0;0;0
2020-06-30;18:44:00;Far3;10;Sun;21.9;0;0;0
2020-06-01;17:44:00;Far3;1;Both;22.3;0;0;0
2020-06-01;17:44:00;Far3;2;Sun;22.3;0;0;0
2020-06-01;17:44:00;Far3;3;Sun;22.3;0;0;1
2020-06-01;17:44:00;Far3;4;Sun;22.3;0;0;0
2020-06-01;17:44:00;Far3;5;Sun;22.3;0;0;0
2020-06-01;17:44:00;Far3;6;Sun;22.3;0;0;0
2020-06-01;17:44:00;Far3;7;Sun;22.3;0;0;0
2020-06-01;17:44:00;Far3;8;Sun;22.3;0;0;0
2020-06-01;17:44:00;Far3;9;Sun;22.3;0;0;0
2020-06-01;17:44:00;Far3;10;Sun;22.3;0;0;0
2020-06-01;17:44:00;Far3;11;Sun;22.3;0;0;0
2020-06-27;15:18:00;Far3;1;Both;28.7;1;1;0
2020-06-27;15:18:00;Far3;2;Sun;28.7;1;1;0
2020-06-27;15:18:00;Far3;3;Sun;28.7;1;1;0
2020-06-27;15:18:00;Far3;4;Both;28.7;1;1;0
2020-06-27;15:18:00;Far3;5;Both;28.7;0;1;0
2020-06-27;15:18:00;Far3;6;Sun;28.7;0;1;0
2020-06-27;15:18:00;Far3;7;Sun;28.7;1;1;0
2020-07-01;16:02:00;Far3;1;Both;21.2;0;0;0
2020-07-01;16:02:00;Far3;2;Sun;21.2;0;0;0
2020-07-01;16:02:00;Far3;3;Sun;21.2;0;0;0
2020-07-01;16:02:00;Far3;4;Sun;21.2;0;0;0
2020-07-01;16:02:00;Far3;5;Sun;21.2;0;0;0
2020-07-01;16:02:00;Far3;6;Sun;21.2;0;0;0
2020-07-01;16:02:00;Far3;7;Sun;21.2;0;0;0
2020-07-01;16:02:00;Far3;8;Sun;21.2;0;0;1
2020-07-01;16:02:00;Far3;9;Sun;21.2;0;0;0
2020-07-01;16:02:00;Far3;10;Sun;21.2;0;0;0
2020-07-01;16:02:00;Far3;11;Sun;21.2;0;1;0
2020-07-08;17:32:00;Far3;1;Sun;25.3;0;0;0
2020-07-08;17:32:00;Far3;2;Sun;25.3;0;0;0
2020-07-08;17:32:00;Far3;3;Sun;25.3;0;1;0
2020-07-08;17:32:00;Far3;4;Sun;25.3;1;1;0
2020-07-08;17:32:00;Far3;5;Sun;25.3;0;0;0
2020-07-08;17:32:00;Far3;6;Sun;25.3;0;1;0
2020-07-08;17:32:00;Far3;7;Sun;25.3;0;0;0
2020-07-08;17:32:00;Far3;8;Sun;25.3;0;0;0
2020-07-14;19:38:00;Far3;1;Sun;21.9;0;0;0
2020-07-14;19:38:00;Far3;2;Sun;21.9;0;0;0
2020-07-11;20:14:00;Far3;1;Sun;22.7;0;0;1
2020-07-11;20:14:00;Far3;2;Sun;22.7;0;0;1
2020-07-11;20:14:00;Far3;3;Sun;22.7;0;1;0
2020-07-11;20:14:00;Far3;4;Sun;22.7;0;0;0
2020-07-11;20:14:00;Far3;5;Sun;22.7;0;0;0
2020-07-11;20:14:00;Far3;6;Sun;22.7;0;0;0
2020-06-07;17:04:00;Far3;1;Shade;28.2;0;0;0
2020-06-07;17:04:00;Far3;2;Sun;28.2;0;0;0
2020-06-07;17:04:00;Far3;3;Sun;28.2;0;0;1
2020-06-07;17:04:00;Far3;4;Sun;28.2;0;0;0
2020-06-07;17:04:00;Far3;5;Sun;28.2;0;0;0
2020-06-07;17:04:00;Far3;6;Sun;28.2;0;1;0
2020-06-07;17:04:00;Far3;7;Sun;28.2;0;0;0
2020-06-07;17:04:00;Far3;8;Sun;28.2;0;1;0
2020-06-07;17:04:00;Far3;9;Sun;28.2;0;1;0
2020-06-07;17:04:00;Far3;10;Sun;28.2;0;0;0
2020-07-11;16:18:00;Far3;1;Sun;30;0;0;0
2020-07-11;16:18:00;Far3;2;Sun;30;0;0;0
2020-06-02;19:24:00;Far3;1;Sun;31.8;1;0;0
2020-06-02;19:24:00;Far3;2;Sun;31.8;1;0;0
2020-06-02;19:24:00;Far3;3;Sun;31.8;1;1;1
2020-06-02;19:24:00;Far3;4;Sun;31.8;0;1;0
2020-06-02;19:24:00;Far3;5;Sun;31.8;0;0;0
2020-06-02;19:24:00;Far3;6;Sun;31.8;1;0;0
2020-06-02;19:24:00;Far3;7;Sun;31.8;0;1;0
2020-06-02;19:24:00;Far3;8;Sun;31.8;0;1;0
2020-06-02;19:24:00;Far3;9;Sun;31.8;1;1;1
2020-06-24;20:50:00;Far3;1;Sun;36.2;1;1;0
2020-06-24;20:50:00;Far3;2;Sun;36.2;1;1;0
2020-06-24;20:50:00;Far3;3;Sun;36.2;1;1;0
2020-06-24;20:50:00;Far3;4;Sun;36.2;0;1;0
2020-06-24;20:50:00;Far3;5;Sun;36.2;1;1;0
2020-06-24;20:50:00;Far3;6;Sun;36.2;0;1;0
2020-06-24;20:50:00;Far3;7;Sun;36.2;1;1;1
2020-06-24;20:50:00;Far3;8;Sun;36.2;1;1;0
2020-06-19;19:06:00;Far3;1;Sun;31.1;0;0;0
2020-06-19;19:06:00;Far3;2;Sun;31.1;0;0;0
2020-06-19;19:06:00;Far3;3;Sun;31.1;0;0;0
2020-06-19;19:06:00;Far3;4;Sun;31.1;0;1;0
2020-06-19;19:06:00;Far3;5;Sun;31.1;0;0;0
2020-06-19;19:06:00;Far3;6;Sun;31.1;0;1;1
2020-06-19;19:06:00;Far3;7;Sun;31.1;1;0;0
2020-06-19;19:06:00;Far3;8;Sun;31.1;0;1;0
2020-06-19;19:06:00;Far3;9;Sun;31.1;0;1;0
2020-06-19;19:06:00;Far3;10;Sun;31.1;0;0;0
2020-06-17;18:04:00;Far3;1;Both;37.3;0;0;0
2020-06-17;18:04:00;Far3;2;Sun;37.3;0;1;0
2020-06-17;18:04:00;Far3;3;Sun;37.3;0;1;1
2020-06-17;18:04:00;Far3;4;Sun;37.3;0;1;1
2020-06-17;18:04:00;Far3;5;Sun;37.3;1;1;0
2020-06-17;18:04:00;Far3;6;Sun;37.3;1;0;0
2020-06-17;18:04:00;Far3;7;Sun;37.3;0;1;0
2020-06-17;18:04:00;Far3;8;Sun;37.3;0;1;0
2020-06-17;18:04:00;Far3;9;Sun;37.3;1;1;0
2020-05-21;19:22:00;Far3;1;Sun;33.4;0;0;1
2020-05-21;19:22:00;Far3;2;Sun;33.4;0;0;0
2020-05-19;18:36:00;Far3;1;Both;32.5;0;0;0
2020-05-19;18:36:00;Far3;2;Sun;32.5;0;0;0
2020-05-19;18:36:00;Far3;3;Sun;32.5;0;0;0
2020-05-19;18:36:00;Far3;4;Sun;32.5;0;1;0
2020-05-19;18:36:00;Far3;5;Sun;32.5;0;0;0
2020-05-19;18:36:00;Far3;6;Sun;32.5;0;0;0
2020-05-19;18:36:00;Far3;7;Sun;32.5;0;0;0
2020-05-22;17:36:00;Far3;1;Sun;30.9;0;0;0
2020-05-22;17:36:00;Far3;2;Shade;30.9;0;0;0
2020-05-22;17:36:00;Far3;3;Sun;30.9;0;0;0
2020-05-22;17:36:00;Far3;4;Sun;30.9;0;0;1
2020-05-22;17:36:00;Far3;5;Sun;30.9;1;1;0
2020-05-22;17:36:00;Far3;6;Sun;30.9;1;1;0
2020-05-22;17:36:00;Far3;7;Sun;30.9;1;1;0
2020-06-07;16:54:00;Far3;1;Both;30.7;0;0;0
2020-06-07;16:54:00;Far3;2;Both;30.7;0;0;0
2020-06-07;16:54:00;Far3;3;Sun;30.7;0;1;0
2020-06-07;16:54:00;Far3;4;Sun;30.7;0;1;1
2020-06-07;16:54:00;Far3;5;Sun;30.7;0;1;1
2020-06-07;16:54:00;Far3;6;Sun;30.7;0;0;0
2020-06-07;16:54:00;Far3;7;Sun;30.7;0;1;1
2020-06-07;16:54:00;Far3;8;Sun;30.7;0;1;0
2020-06-07;16:54:00;Far3;9;Sun;30.7;0;0;0
2020-06-07;16:54:00;Far3;10;Sun;30.7;0;1;0
2020-06-07;16:54:00;Far3;11;Sun;30.7;0;0;1
2020-06-07;16:54:00;Far3;12;Sun;30.7;0;1;0
2020-07-13;18:06:00;Far3;1;Sun;34.9;0;0;0
2020-07-13;18:06:00;Far3;2;Sun;34.9;1;1;0
2020-06-13;18:50:00;Far3;1;Both;40.1;1;1;0
2020-06-13;18:50:00;Far3;2;Sun;40.1;1;1;0
2020-06-13;18:50:00;Far3;3;Sun;40.1;1;1;1
2020-06-13;18:50:00;Far3;4;Sun;40.1;1;1;0
2020-06-13;18:50:00;Far3;5;Sun;40.1;1;1;1
2020-06-13;18:50:00;Far3;6;Sun;40.1;1;1;0
2020-06-13;18:50:00;Far3;7;Sun;40.1;1;1;0
2020-06-17;19:28:00;Far3;1;Sun;40.2;1;0;0
2020-06-17;19:28:00;Far3;2;Sun;40.2;1;1;0
2020-06-17;19:28:00;Far3;3;Sun;40.2;1;1;0
2020-06-17;19:28:00;Far3;4;Sun;40.2;1;1;0
2020-06-17;19:28:00;Far3;5;Sun;40.2;1;1;1
2020-06-17;19:28:00;Far3;6;Sun;40.2;1;1;0
2020-06-17;19:28:00;Far3;7;Sun;40.2;1;1;0
2020-06-17;19:28:00;Far3;8;Sun;40.2;1;1;1
2020-05-19;19:16:00;Far3;1;Both;24.1;0;1;0
2020-05-19;19:16:00;Far3;2;Sun;24.1;0;0;0
2020-05-19;19:16:00;Far3;3;Sun;24.1;0;1;0
2020-05-19;19:16:00;Far3;4;Sun;24.1;0;1;0
2020-05-19;19:16:00;Far3;5;Sun;24.1;0;0;0
2020-05-19;19:16:00;Far3;6;Sun;24.1;0;0;0
2020-06-21;18:20:00;Far3;1;Sun;41.7;1;1;0
2020-06-21;18:20:00;Far3;2;Both;41.7;1;1;0
2020-06-21;18:20:00;Far3;3;Sun;41.7;1;1;0
2020-06-21;18:20:00;Far3;4;Sun;41.7;1;1;1
2020-06-21;18:20:00;Far3;5;Sun;41.7;1;1;1
2020-06-21;18:20:00;Far3;6;Sun;41.7;1;1;0
2020-06-21;18:20:00;Far3;7;Sun;41.7;1;1;0
2020-06-21;18:20:00;Far3;8;Sun;41.7;1;1;0
2020-06-24;17:26:00;Far3;1;Both;41.4;0;0;0
2020-06-24;17:26:00;Far3;2;Sun;41.4;0;1;0
2020-06-24;17:26:00;Far3;3;Sun;41.4;1;1;1
2020-06-24;17:26:00;Far3;4;Sun;41.4;1;1;0
2020-06-24;17:26:00;Far3;5;Sun;41.4;1;1;0
2020-06-24;17:26:00;Far3;6;Sun;41.4;1;1;0
2020-06-24;17:26:00;Far3;7;Sun;41.4;1;1;0
2020-06-24;17:26:00;Far3;8;Sun;41.4;1;1;0
2020-06-25;18:48:00;Far3;1;Both;44.9;1;1;0
2020-06-25;18:48:00;Far3;2;Sun;44.9;1;1;0
2020-06-25;18:48:00;Far3;3;Sun;44.9;1;1;0
2020-06-25;18:48:00;Far3;4;Sun;44.9;1;1;0
2020-06-25;18:48:00;Far3;5;Sun;44.9;1;1;0
2020-06-25;18:48:00;Far3;6;Sun;44.9;1;1;0
2020-06-26;19:30:00;Far3;1;Sun;43.6;0;1;1
2020-06-26;19:30:00;Far3;2;Sun;43.6;1;1;0
2020-06-26;19:30:00;Far3;3;Sun;43.6;1;1;0
2020-06-26;19:30:00;Far3;4;Sun;43.6;1;1;0
2020-06-26;19:30:00;Far3;5;Sun;43.6;1;1;0
2020-06-26;19:30:00;Far3;6;Sun;43.6;1;1;0
2020-06-27;19:20:00;Far3;1;Sun;44.2;1;1;0
2020-06-27;19:20:00;Far3;2;Sun;44.2;1;1;0
2020-06-27;19:20:00;Far3;3;Sun;44.2;1;1;0
2021-05-27;17:56:00;Rost3;1;Shade;9.4;0;0;0
2021-05-27;17:56:00;Rost3;2;Shade;9.4;0;0;0
2021-05-27;17:56:00;Rost3;3;Shade;9.4;0;0;0
2021-05-27;17:56:00;Rost3;4;Shade;9.4;0;0;0
2021-05-27;17:56:00;Rost3;5;Shade;9.4;0;0;0
2021-05-27;17:56:00;Rost3;6;Shade;9.4;0;0;0
2021-05-27;17:56:00;Rost3;7;Shade;9.4;0;0;0
2021-05-28;19:22:00;Rost3;1;Shade;9.9;0;0;0
2021-05-28;19:22:00;Rost3;2;Shade;9.9;0;0;0
2021-05-28;19:22:00;Rost3;3;Shade;9.9;0;0;0
2021-05-28;19:22:00;Rost3;4;Shade;9.9;0;0;0
2021-05-28;19:22:00;Rost3;5;Shade;9.9;0;0;0
2021-05-28;19:22:00;Rost3;6;Shade;9.9;0;0;0
2021-06-13;16:08:00;Rost3;1;Shade;19.6;0;0;0
2021-06-13;16:08:00;Rost3;2;Shade;19.6;0;0;0
2021-06-13;16:08:00;Rost3;3;Shade;19.6;0;0;0
2021-06-13;16:08:00;Rost3;4;Shade;19.6;0;0;0
2021-06-13;16:08:00;Rost3;5;Shade;19.6;0;0;0
2021-06-23;19:08:00;Rost3;1;Shade;18.2;0;1;0
2021-06-23;19:08:00;Rost3;2;Shade;18.2;0;0;0
2021-06-23;19:08:00;Rost3;3;Shade;18.2;0;0;0
2021-06-23;19:08:00;Rost3;4;Shade;18.2;0;0;0
2021-06-23;19:08:00;Rost3;5;Shade;18.2;0;0;0
2021-06-23;19:08:00;Rost3;6;Shade;18.2;0;0;0
2021-07-09;15:04:00;Rost3;1;Shade;19.4;0;0;0
2021-07-09;15:04:00;Rost3;2;Shade;19.4;0;0;0
2021-07-09;15:04:00;Rost3;3;Shade;19.4;0;0;0
2021-06-04;18:28:00;Rost3;1;Shade;18.3;0;0;0
2021-06-04;18:28:00;Rost3;2;Both;18.3;0;0;0
2021-06-04;18:28:00;Rost3;3;Shade;18.3;0;0;0
2021-06-04;18:28:00;Rost3;4;Both;18.3;0;0;0
2021-06-04;18:28:00;Rost3;5;Both;18.3;0;0;0
2021-06-04;18:28:00;Rost3;6;Both;18.3;0;0;1
2021-06-04;18:28:00;Rost3;7;Sun;18.3;0;0;0
2021-06-18;20:56:00;Rost3;1;Shade;19.9;0;0;0
2021-06-18;20:56:00;Rost3;2;Shade;19.9;0;0;0
2021-06-18;20:56:00;Rost3;3;Shade;19.9;0;0;0
2021-06-18;20:56:00;Rost3;4;Shade;19.9;0;0;0
2021-06-18;20:56:00;Rost3;5;Shade;19.9;1;1;0
2021-06-18;20:56:00;Rost3;6;Both;19.9;0;0;1
2021-05-23;17:20:00;Rost3;1;Shade;10.7;0;0;0
2021-05-23;17:20:00;Rost3;2;Shade;10.7;0;0;0
2021-05-23;17:20:00;Rost3;3;Shade;10.7;0;0;0
2021-05-23;17:20:00;Rost3;4;Shade;10.7;0;0;0
2021-05-23;17:20:00;Rost3;5;Shade;10.7;0;0;0
2021-05-23;17:20:00;Rost3;6;Shade;10.7;0;0;0
2021-05-23;17:20:00;Rost3;7;Shade;10.7;0;0;0
2021-05-23;17:20:00;Rost3;8;Shade;10.7;0;0;0
2021-06-15;16:00:00;Rost3;1;Shade;19;0;0;0
2021-06-15;16:00:00;Rost3;2;Both;19;0;0;1
2021-06-15;16:00:00;Rost3;3;Shade;19;0;0;0
2021-06-15;16:00:00;Rost3;4;Both;19;0;0;0
2021-06-15;16:00:00;Rost3;5;Shade;19;0;0;0
2021-06-15;16:00:00;Rost3;6;Shade;19;0;0;0
2021-06-15;16:00:00;Rost3;7;Shade;19;0;0;0
2021-06-15;16:00:00;Rost3;8;Shade;19;0;0;0
2021-07-12;17:38:00;Rost3;1;Shade;22.8;0;0;0
2021-07-01;16:26:00;Rost3;1;Shade;23.5;0;1;0
2021-07-01;16:26:00;Rost3;2;Shade;23.5;0;0;0
2021-07-01;16:26:00;Rost3;3;Shade;23.5;0;1;0
2021-07-01;16:26:00;Rost3;4;Shade;23.5;0;0;0
2021-07-01;16:26:00;Rost3;5;Shade;23.5;0;1;0
2021-07-01;16:26:00;Rost3;6;Shade;23.5;0;0;0
2021-06-21;18:14:00;Rost3;1;Both;28.2;0;1;1
2021-06-21;18:14:00;Rost3;2;Both;28.2;0;1;1
2021-06-21;18:14:00;Rost3;3;Both;28.2;0;1;1
2021-06-21;18:14:00;Rost3;4;Shade;28.2;0;1;0
2021-06-21;18:14:00;Rost3;5;Shade;28.2;0;1;0
2021-06-21;18:14:00;Rost3;6;Sun;28.2;1;1;1
2021-06-21;18:14:00;Rost3;7;Sun;28.2;1;1;1
2021-07-02;15:50:00;Rost3;1;Both;23.5;0;1;1
2021-07-02;15:50:00;Rost3;2;Shade;23.5;0;1;0
2021-07-02;15:50:00;Rost3;3;Shade;23.5;0;0;0
2021-07-02;15:50:00;Rost3;4;Shade;23.5;0;0;0
2021-07-02;15:50:00;Rost3;5;Shade;23.5;0;0;0
2021-07-02;15:50:00;Rost3;6;Shade;23.5;0;0;0
2021-07-02;15:50:00;Rost3;7;Shade;23.5;0;0;0
2021-06-13;16:24:00;Rost3;1;Shade;20.3;0;0;0
2021-06-13;16:24:00;Rost3;2;Shade;20.3;0;0;0
2021-06-13;16:24:00;Rost3;3;Shade;20.3;0;0;0
2021-06-13;16:24:00;Rost3;4;Shade;20.3;0;0;0
2021-06-13;16:24:00;Rost3;5;Shade;20.3;0;0;0
2021-07-04;18:52:00;Rost3;1;Shade;25.9;0;1;0
2021-07-04;18:52:00;Rost3;2;Both;25.9;0;1;0
2021-07-04;18:52:00;Rost3;3;Both;25.9;0;0;0
2021-07-04;18:52:00;Rost3;4;Shade;25.9;0;1;0
2021-07-04;18:52:00;Rost3;5;Both;25.9;1;1;0
2021-06-11;19:42:00;Rost3;1;Shade;20.3;0;0;0
2021-06-11;19:42:00;Rost3;2;Shade;20.3;0;0;0
2021-06-11;19:42:00;Rost3;3;Shade;20.3;0;0;0
2021-06-11;19:42:00;Rost3;4;Shade;20.3;0;0;0
2021-06-11;19:42:00;Rost3;5;Shade;20.3;0;0;0
2021-06-11;19:42:00;Rost3;6;Sun;20.3;0;0;0
2021-05-09;20:28:00;Tri3;1;Shade;8.2;0;0;0
2021-05-09;20:28:00;Tri3;2;Shade;8.2;0;0;0
2021-05-09;20:28:00;Tri3;3;Shade;8.2;0;0;0
2021-05-09;20:28:00;Tri3;4;Shade;8.2;0;0;0
2021-05-09;20:28:00;Tri3;5;Shade;8.2;0;0;0
2021-05-06;18:14:00;Tri3;1;Shade;5;0;0;0
2021-05-06;18:14:00;Tri3;2;Shade;5;0;0;0
2021-05-06;18:14:00;Tri3;3;Shade;5;0;0;0
2021-05-06;18:14:00;Tri3;4;Shade;5;0;0;0
2021-05-06;18:14:00;Tri3;5;Shade;5;0;0;0
2021-05-06;18:14:00;Tri3;6;Shade;5;0;0;0
2021-05-27;20:58:00;Tri3;1;Shade;8.7;0;0;0
2021-05-27;20:58:00;Tri3;2;Shade;8.7;0;0;0
2021-05-27;20:58:00;Tri3;3;Shade;8.7;0;0;0
2021-05-16;20:54:00;Tri3;1;Shade;9.8;0;0;0
2021-05-16;20:54:00;Tri3;2;Shade;9.8;0;0;0
2021-05-16;20:54:00;Tri3;3;Shade;9.8;0;0;0
2021-05-16;20:54:00;Tri3;4;Shade;9.8;0;0;0
2021-05-29;20:42:00;Tri3;1;Shade;9.9;0;0;0
2021-05-29;20:42:00;Tri3;2;Shade;9.9;0;0;0
2021-05-29;20:42:00;Tri3;3;Shade;9.9;0;0;0
2021-05-29;20:42:00;Tri3;4;Shade;9.9;0;0;0
2021-05-29;20:42:00;Tri3;5;Shade;9.9;0;0;0
2021-05-20;20:44:00;Tri3;1;Sun;9.9;0;0;1
2021-05-20;20:44:00;Tri3;2;Sun;9.9;0;0;0
2021-05-20;20:44:00;Tri3;3;Sun;9.9;0;0;0
2021-05-20;20:44:00;Tri3;4;Sun;9.9;0;0;0
2021-05-28;18:56:00;Tri3;1;Shade;9.7;0;0;0
2021-05-28;18:56:00;Tri3;2;Shade;9.7;0;0;0
2021-05-28;18:56:00;Tri3;3;Shade;9.7;0;0;0
2021-05-07;19:08:00;Tri3;1;Shade;6.4;0;0;0
2021-05-07;19:08:00;Tri3;2;Shade;6.4;0;0;0
2021-05-07;19:08:00;Tri3;3;Shade;6.4;0;0;0
2021-05-07;19:08:00;Tri3;4;Shade;6.4;0;0;0
2021-05-07;19:08:00;Tri3;5;Shade;6.4;0;0;0
2021-05-07;19:08:00;Tri3;6;Shade;6.4;0;0;0
2021-05-07;19:08:00;Tri3;7;Shade;6.4;0;0;0
2021-05-07;19:08:00;Tri3;8;Shade;6.4;0;0;0
2021-06-12;19:44:00;Tri3;1;Sun;19.9;0;0;0
2021-06-12;19:44:00;Tri3;2;Sun;19.9;0;0;0
2021-06-12;19:44:00;Tri3;3;Sun;19.9;0;0;0
2021-06-12;19:44:00;Tri3;4;Sun;19.9;0;0;0
2021-06-12;19:44:00;Tri3;5;Sun;19.9;0;0;0
2021-06-12;19:44:00;Tri3;6;Sun;19.9;0;0;0
2021-06-12;19:44:00;Tri3;7;Sun;19.9;0;0;0
2020-06-15;20:30:00;Tri3;1;Sun;19.7;0;0;1
2020-06-15;20:30:00;Tri3;2;Sun;19.7;0;1;0
2020-06-15;20:30:00;Tri3;3;Sun;19.7;0;1;0
2020-06-15;20:30:00;Tri3;4;Sun;19.7;0;1;1
2021-05-20;19:22:00;Tri3;1;Sun;16.2;0;0;0
2021-05-20;19:22:00;Tri3;2;Sun;16.2;0;0;0
2021-05-20;19:22:00;Tri3;3;Sun;16.2;0;0;0
2021-05-20;19:22:00;Tri3;4;Sun;16.2;0;0;0
2021-05-20;19:22:00;Tri3;5;Sun;16.2;0;0;0
2021-06-02;20:28:00;Tri3;1;Shade;19.5;0;0;0
2021-06-02;20:28:00;Tri3;2;Shade;19.5;0;0;0
2021-06-02;20:28:00;Tri3;3;Shade;19.5;0;1;0
2021-06-02;20:28:00;Tri3;4;Shade;19.5;0;1;0
2021-05-10;19:28:00;Tri3;1;Sun;14.7;0;0;0
2021-05-10;19:28:00;Tri3;2;Sun;14.7;0;0;0
2021-05-10;19:28:00;Tri3;3;Sun;14.7;0;0;0
2021-05-10;19:28:00;Tri3;4;Sun;14.7;0;0;1
2021-05-10;19:28:00;Tri3;5;Sun;14.7;0;0;0
2021-07-02;20:26:00;Tri3;1;Sun;19.9;0;0;0
2021-07-02;20:26:00;Tri3;2;Sun;19.9;0;1;0
2021-07-02;20:26:00;Tri3;3;Sun;19.9;0;0;0
2021-07-02;20:26:00;Tri3;4;Sun;19.9;0;0;0
2021-05-19;20:16:00;Tri3;1;Sun;12.5;0;0;0
2021-05-19;20:16:00;Tri3;2;Sun;12.5;0;0;0
2021-05-19;20:16:00;Tri3;3;Sun;12.5;0;1;0
2021-06-11;20:22:00;Tri3;1;Sun;19.8;0;0;0
2021-06-11;20:22:00;Tri3;2;Sun;19.8;0;0;0
2021-06-11;20:22:00;Tri3;3;Sun;19.8;0;0;0
2021-06-11;20:22:00;Tri3;4;Sun;19.8;0;0;0
2021-06-17;20:58:00;Tri3;1;Shade;19.2;0;0;0
2021-06-17;20:58:00;Tri3;2;Shade;19.2;0;0;0
2021-06-17;20:58:00;Tri3;3;Shade;19.2;0;1;0
2021-06-23;18:28:00;Tri3;1;Shade;17.9;0;0;0
2021-06-23;18:28:00;Tri3;2;Shade;17.9;0;0;0
2021-06-23;18:28:00;Tri3;3;Shade;17.9;0;1;0
2021-07-05;20:20:00;Tri3;1;Shade;20.6;0;0;0
2021-07-05;20:20:00;Tri3;2;Shade;20.6;0;0;0
2021-07-05;20:20:00;Tri3;3;Shade;20.6;0;0;0
2021-07-05;20:20:00;Tri3;4;Shade;20.6;0;0;0
2021-07-05;20:20:00;Tri3;5;Shade;20.6;0;0;0
2021-05-30;16:08:00;Tri3;1;Both;25.9;0;0;0
2021-05-30;16:08:00;Tri3;2;Sun;25.9;0;1;0
2021-05-30;16:08:00;Tri3;3;Sun;25.9;0;0;0
2021-05-30;16:08:00;Tri3;4;Sun;25.9;1;1;0
2021-06-17;20:08:00;Tri3;1;Sun;26.5;1;1;1
2021-06-17;20:08:00;Tri3;2;Sun;26.5;1;1;0
2021-06-17;20:08:00;Tri3;3;Sun;26.5;0;1;1
2021-06-12;15:24:00;Tri3;1;Shade;26.7;0;0;0
2021-06-12;15:24:00;Tri3;2;Sun;26.7;0;0;0
2021-06-12;15:24:00;Tri3;3;Sun;26.7;0;0;0
2021-06-28;20:58:00;Tri3;1;Sun;21.2;0;0;0
2021-06-28;20:58:00;Tri3;2;Sun;21.2;0;0;0
2021-06-28;20:58:00;Tri3;3;Sun;21.2;0;0;0
2021-06-28;20:58:00;Tri3;4;Sun;21.2;0;0;0
2021-06-18;20:32:00;Tri3;1;Sun;20.7;0;1;0
2021-06-18;20:32:00;Tri3;2;Sun;20.7;0;1;0
2021-05-20;17:48:00;Tri3;1;Shade;22.6;0;0;0
2021-05-20;17:48:00;Tri3;2;Shade;22.6;0;0;0
2021-05-20;17:48:00;Tri3;3;Shade;22.6;0;0;0
2021-05-14;19:02:00;Tri3;1;Shade;20.9;0;0;0
2021-05-14;19:02:00;Tri3;2;Shade;20.9;0;0;0
2021-05-14;19:02:00;Tri3;3;Shade;20.9;0;0;0
2021-05-14;19:02:00;Tri3;4;Shade;20.9;0;0;0
2021-05-14;19:02:00;Tri3;5;Shade;20.9;0;0;0
2021-05-14;19:02:00;Tri3;6;Shade;20.9;0;0;0
2021-05-14;19:02:00;Tri3;7;Shade;20.9;0;0;0
2021-06-22;19:52:00;Tri3;1;Sun;23.1;0;0;0
2021-06-22;19:52:00;Tri3;2;Sun;23.1;0;0;0
2021-06-22;19:52:00;Tri3;3;Sun;23.1;0;1;0
2021-06-22;19:52:00;Tri3;4;Sun;23.1;0;1;0
2021-06-22;19:52:00;Tri3;5;Sun;23.1;1;1;0
2021-07-04;16:12:00;Tri3;1;Sun;33.5;0;1;1
2021-07-04;16:12:00;Tri3;2;Sun;33.5;0;1;0
2021-07-04;16:12:00;Tri3;3;Sun;33.5;0;1;0
2021-06-06;19:22:00;Tri3;1;Sun;20.4;0;1;0
2021-06-06;19:22:00;Tri3;2;Sun;20.4;0;1;0
2021-06-06;19:22:00;Tri3;3;Sun;20.4;0;1;0
2021-06-06;19:22:00;Tri3;4;Sun;20.4;0;1;0
2021-06-21;19:22:00;Tri3;1;Sun;34.8;1;1;0
2021-06-21;19:22:00;Tri3;2;Sun;34.8;1;1;0
2021-07-11;15:06:00;Tri3;1;Both;30.4;0;0;0
2021-07-11;15:06:00;Tri3;2;Both;30.4;0;1;0
2021-06-12;16:16:00;Tri3;1;Shade;30.1;0;0;0
2021-06-12;16:16:00;Tri3;2;Sun;30.1;1;1;1
2021-06-12;16:16:00;Tri3;3;Sun;30.1;1;0;0
2021-06-12;16:16:00;Tri3;4;Sun;30.1;1;1;0
2021-06-20;16:36:00;Tri3;1;Sun;37.1;1;1;1
2021-06-20;16:36:00;Tri3;2;Sun;37.1;1;1;0
2021-06-20;16:36:00;Tri3;3;Sun;37.1;1;1;0
2021-06-20;16:36:00;Tri3;4;Sun;37.1;1;1;0
2021-06-04;18:30:00;Tri3;1;Sun;31.7;0;0;0
2021-06-04;18:30:00;Tri3;2;Sun;31.7;0;1;0
2021-06-04;18:30:00;Tri3;3;Sun;31.7;1;1;0
2021-06-04;18:30:00;Tri3;4;Sun;31.7;0;1;0
2021-06-04;18:30:00;Tri3;5;Sun;31.7;1;1;0
2021-06-29;19:14:00;Tri3;1;Sun;35.3;1;1;0
2021-06-29;19:14:00;Tri3;2;Sun;35.3;1;1;0
2021-06-29;19:14:00;Tri3;3;Sun;35.3;1;1;1
2021-07-08;18:36:00;Tri3;1;Sun;36.9;1;1;0
2021-07-08;18:36:00;Tri3;2;Sun;36.9;1;1;1
2021-07-08;18:36:00;Tri3;3;Sun;36.9;1;1;1
2021-06-06;18:50:00;Tri3;1;Sun;32.3;0;0;0
2021-06-06;18:50:00;Tri3;2;Sun;32.3;0;1;0
2021-06-06;18:50:00;Tri3;3;Sun;32.3;0;1;0
2021-06-06;18:50:00;Tri3;4;Sun;32.3;0;1;0
2021-06-03;17:26:00;Tri3;1;Both;40.6;0;1;0
2021-06-03;17:26:00;Tri3;2;Sun;40.6;1;1;0
2021-06-03;17:26:00;Tri3;3;Sun;40.6;1;1;0
2021-06-03;17:26:00;Tri3;4;Sun;40.6;1;1;0
2021-06-03;17:26:00;Tri3;5;Sun;40.6;1;1;0
2021-06-13;17:50:00;Tri3;1;Both;40.9;1;1;0
2021-06-13;17:50:00;Tri3;2;Sun;40.9;1;1;0
2021-06-13;17:50:00;Tri3;3;Sun;40.9;1;1;1
2021-06-17;17:10:00;Tri3;1;Both;40.2;0;0;1
2021-06-17;17:10:00;Tri3;2;Sun;40.2;1;1;1
2021-06-17;17:10:00;Tri3;3;Sun;40.2;1;1;0
2021-06-20;17:56:00;Tri3;1;Sun;40.3;1;1;0
2021-06-20;17:56:00;Tri3;2;Sun;40.3;1;1;0
2021-06-20;17:56:00;Tri3;3;Sun;40.3;1;1;0
2021-06-21;17:38:00;Tri3;1;Sun;44.2;1;1;0
2021-06-21;17:38:00;Tri3;2;Sun;44.2;1;1;0
2021-07-03;15:14:00;Tri3;1;Sun;41.2;0;1;0
2021-07-03;15:14:00;Tri3;2;Shade;41.2;0;1;0
2021-07-03;15:14:00;Tri3;3;Both;41.2;0;1;0
2021-07-03;15:14:00;Tri3;4;Both;41.2;0;1;0
2021-07-04;18:56:00;Tri3;1;Sun;40.8;1;1;0
2021-07-04;18:56:00;Tri3;2;Sun;40.8;1;1;0
2021-05-28;20:36:00;Far3;1;Shade;8.9;0;0;0
2021-05-28;20:36:00;Far3;2;Shade;8.9;0;0;0
2021-05-28;20:36:00;Far3;3;Shade;8.9;0;0;0
2021-05-28;20:36:00;Far3;4;Shade;8.9;0;0;0
2021-05-28;20:36:00;Far3;5;Shade;8.9;0;0;0
2021-05-28;20:36:00;Far3;6;Shade;8.9;0;0;0
2021-05-28;20:36:00;Far3;7;Shade;8.9;0;0;0
2021-05-27;19:04:00;Far3;1;Shade;9;0;0;0
2021-05-27;19:04:00;Far3;2;Shade;9;0;0;0
2021-05-27;19:04:00;Far3;3;Shade;9;0;0;0
2021-05-27;19:04:00;Far3;4;Shade;9;0;0;0
2021-05-27;19:04:00;Far3;5;Shade;9;0;0;0
2021-05-27;19:04:00;Far3;6;Shade;9;0;0;0
2021-05-27;19:04:00;Far3;7;Shade;9;0;0;0
2021-05-27;19:04:00;Far3;8;Shade;9;0;0;0
2021-05-27;19:04:00;Far3;9;Shade;9;0;0;0
2021-05-22;19:50:00;Far3;1;Sun;15.7;0;0;0
2021-05-22;19:50:00;Far3;2;Sun;15.7;0;0;0
2021-05-22;19:50:00;Far3;3;Sun;15.7;0;0;0
2021-05-22;19:50:00;Far3;4;Sun;15.7;0;0;0
2021-05-22;19:50:00;Far3;5;Sun;15.7;0;1;0
2021-05-22;19:50:00;Far3;6;Sun;15.7;0;1;0
2021-05-22;19:50:00;Far3;7;Sun;15.7;0;0;0
2021-05-22;19:50:00;Far3;8;Sun;15.7;0;1;0
2021-05-22;19:50:00;Far3;9;Sun;15.7;0;0;0
2021-06-11;20:22:00;Far3;1;Sun;19.8;0;0;0
2021-06-11;20:22:00;Far3;2;Sun;19.8;0;0;0
2021-06-11;20:22:00;Far3;3;Sun;19.8;0;0;0
2021-06-11;20:22:00;Far3;4;Sun;19.8;0;1;0
2021-06-11;20:22:00;Far3;5;Sun;19.8;0;0;1
2021-06-11;20:22:00;Far3;6;Sun;19.8;0;0;0
2021-06-11;20:22:00;Far3;7;Sun;19.8;0;0;0
2021-06-11;20:22:00;Far3;8;Sun;19.8;0;0;0
2021-06-11;20:22:00;Far3;9;Sun;19.8;0;0;0
2021-07-07;19:58:00;Far3;1;Shade;18.3;0;0;0
2021-07-07;19:58:00;Far3;2;Shade;18.3;0;0;0
2021-07-07;19:58:00;Far3;3;Shade;18.3;0;0;0
2021-07-07;19:58:00;Far3;4;Shade;18.3;0;0;0
2021-07-07;19:58:00;Far3;5;Shade;18.3;0;0;0
2021-05-30;20:36:00;Far3;1;Shade;14.9;0;0;0
2021-05-30;20:36:00;Far3;2;Shade;14.9;0;0;0
2021-05-30;20:36:00;Far3;3;Shade;14.9;0;0;0
2021-05-30;20:36:00;Far3;4;Shade;14.9;0;0;0
2021-05-30;20:36:00;Far3;5;Shade;14.9;0;0;0
2021-05-30;20:36:00;Far3;6;Shade;14.9;0;0;0
2021-05-30;20:36:00;Far3;7;Shade;14.9;0;0;0
2021-05-30;20:36:00;Far3;8;Shade;14.9;0;0;0
2021-05-30;20:36:00;Far3;9;Shade;14.9;0;0;0
2021-05-26;15:28:00;Far3;1;Both;11.6;0;0;0
2021-05-26;15:28:00;Far3;2;Shade;11.6;0;0;0
2021-05-26;15:28:00;Far3;3;Shade;11.6;0;0;0
2021-05-26;15:28:00;Far3;4;Shade;11.6;0;0;0
2021-05-26;15:28:00;Far3;5;Sun;11.6;0;0;1
2021-05-26;15:28:00;Far3;6;Sun;11.6;0;0;0
2021-05-26;15:28:00;Far3;7;Sun;11.6;0;0;0
2021-05-26;15:28:00;Far3;8;Sun;11.6;0;0;0
2021-05-26;15:28:00;Far3;9;Sun;11.6;0;0;0
2021-05-26;15:28:00;Far3;10;Sun;11.6;0;0;0
2021-06-26;20:58:00;Far3;1;Sun;19.9;0;1;0
2021-06-26;20:58:00;Far3;2;Sun;19.9;0;1;0
2021-06-26;20:58:00;Far3;3;Sun;19.9;0;1;0
2021-06-26;20:58:00;Far3;4;Sun;19.9;0;1;0
2021-06-26;20:58:00;Far3;5;Both;19.9;0;1;0
2021-06-26;20:58:00;Far3;6;Sun;19.9;0;1;0
2021-07-09;15:10:00;Far3;1;Shade;19.8;0;0;0
2021-07-09;15:10:00;Far3;2;Shade;19.8;0;0;0
2021-07-09;15:10:00;Far3;3;Shade;19.8;0;0;0
2021-05-29;16:06:00;Far3;1;Sun;17.2;0;0;0
2021-05-29;16:06:00;Far3;2;Both;17.2;0;0;0
2021-05-29;16:06:00;Far3;3;Both;17.2;0;0;0
2021-05-29;16:06:00;Far3;4;Sun;17.2;0;1;0
2021-05-29;16:06:00;Far3;5;Sun;17.2;0;0;0
2021-05-29;16:06:00;Far3;6;Sun;17.2;0;0;0
2021-05-29;16:06:00;Far3;7;Sun;17.2;0;0;0
2021-05-29;16:06:00;Far3;8;Sun;17.2;0;0;0
2021-05-29;16:06:00;Far3;9;Sun;17.2;0;0;0
2021-05-29;16:06:00;Far3;10;Sun;17.2;0;0;0
2021-06-04;20:04:00;Far3;1;Sun;19.4;1;0;0
2021-06-04;20:04:00;Far3;2;Sun;19.4;0;0;0
2021-06-04;20:04:00;Far3;3;Sun;19.4;0;0;0
2021-06-04;20:04:00;Far3;4;Sun;19.4;0;1;0
2021-06-04;20:04:00;Far3;5;Sun;19.4;0;1;0
2021-06-04;20:04:00;Far3;6;Sun;19.4;1;1;0
2021-06-04;20:04:00;Far3;7;Sun;19.4;0;1;0
2021-05-31;15:54:00;Far3;1;Sun;15.4;0;0;1
2021-05-31;15:54:00;Far3;2;Both;15.4;0;0;0
2021-05-31;15:54:00;Far3;3;Sun;15.4;0;0;0
2021-05-31;15:54:00;Far3;4;Sun;15.4;0;0;0
2021-05-31;15:54:00;Far3;5;Sun;15.4;0;1;0
2021-05-31;15:54:00;Far3;6;Sun;15.4;0;0;0
2021-05-31;15:54:00;Far3;7;Sun;15.4;0;0;0
2021-05-31;15:54:00;Far3;8;Sun;15.4;0;0;0
2021-05-31;15:54:00;Far3;9;Sun;15.4;0;0;0
2021-05-23;16:22:00;Far3;1;Both;11.9;0;0;0
2021-05-23;16:22:00;Far3;2;Both;11.9;0;0;0
2021-05-23;16:22:00;Far3;3;Sun;11.9;0;0;0
2021-05-23;16:22:00;Far3;4;Sun;11.9;0;0;0
2021-05-23;16:22:00;Far3;5;Sun;11.9;0;0;0
2021-05-23;16:22:00;Far3;6;Sun;11.9;0;1;0
2021-05-23;16:22:00;Far3;7;Sun;11.9;0;0;0
2021-05-23;16:22:00;Far3;8;Sun;11.9;0;0;0
2021-05-23;16:22:00;Far3;9;Sun;11.9;0;0;0
2021-05-23;16:22:00;Far3;10;Sun;11.9;0;0;0
2021-07-06;20:18:00;Far3;1;Sun;23.3;1;1;0
2021-07-06;20:18:00;Far3;2;Sun;23.3;1;1;0
2021-07-06;20:18:00;Far3;3;Sun;23.3;0;1;0
2021-07-06;20:18:00;Far3;4;Sun;23.3;0;1;0
2021-07-06;20:18:00;Far3;5;Sun;23.3;1;1;0
2021-07-06;20:18:00;Far3;6;Sun;23.3;0;1;0
2021-06-28;20:50:00;Far3;1;Sun;21.3;0;1;0
2021-06-28;20:50:00;Far3;2;Sun;21.3;0;1;0
2021-06-28;20:50:00;Far3;3;Sun;21.3;0;0;0
2021-06-28;20:50:00;Far3;4;Sun;21.3;0;1;0
2021-06-28;20:50:00;Far3;5;Sun;21.3;0;0;0
2021-06-28;20:50:00;Far3;6;Sun;21.3;0;1;0
2021-06-28;20:50:00;Far3;7;Sun;21.3;0;0;0
2021-06-28;20:50:00;Far3;8;Sun;21.3;0;0;0
2021-06-09;20:12:00;Far3;1;Shade;20.8;0;0;0
2021-06-09;20:12:00;Far3;2;Shade;21.7;0;0;0
2021-06-09;20:12:00;Far3;3;Shade;21.7;0;0;0
2021-06-09;20:12:00;Far3;4;Shade;21.7;0;1;0
2021-06-09;20:12:00;Far3;5;Shade;21.7;0;0;0
2021-06-09;20:12:00;Far3;6;Shade;21.7;0;0;0
2021-06-09;20:12:00;Far3;7;Shade;21.7;0;1;0
2021-06-09;20:12:00;Far3;8;Shade;21.7;0;0;0
2021-06-23;15:00:00;Far3;1;Shade;20.6;0;0;0
2021-06-23;15:00:00;Far3;2;Shade;20.6;0;0;0
2021-06-23;15:00:00;Far3;3;Shade;20.6;0;0;0
2021-06-23;15:00:00;Far3;4;Shade;20.6;0;0;0
2021-06-23;15:00:00;Far3;5;Shade;20.6;0;0;0
2021-06-23;15:00:00;Far3;6;Shade;20.6;0;0;0
2021-06-23;15:00:00;Far3;7;Shade;20.6;0;0;0
2021-06-23;15:00:00;Far3;8;Shade;20.6;0;0;0
2021-06-23;15:00:00;Far3;9;Shade;20.6;0;1;0
2021-06-24;15:38:00;Far3;1;Shade;23.2;0;0;0
2021-06-24;15:38:00;Far3;2;Shade;23.2;0;0;0
2021-06-24;15:38:00;Far3;3;Sun;23.2;0;1;0
2021-06-24;15:38:00;Far3;4;Sun;23.2;0;0;0
2021-06-24;15:38:00;Far3;5;Sun;23.2;0;0;0
2021-06-24;15:38:00;Far3;6;Sun;23.2;0;0;0
2021-06-24;15:38:00;Far3;7;Sun;23.2;0;1;0
2021-06-10;16:44:00;Far3;1;Shade;30.8;0;0;0
2021-06-10;16:44:00;Far3;2;Both;30.8;0;0;0
2021-06-10;16:44:00;Far3;3;Sun;30.8;0;1;1
2021-06-10;16:44:00;Far3;4;Sun;30.8;0;1;0
2021-06-10;16:44:00;Far3;5;Sun;30.8;0;1;0
2021-06-10;16:44:00;Far3;6;Sun;30.8;0;1;0
2021-06-10;16:44:00;Far3;7;Sun;30.8;0;1;0
2021-06-10;16:44:00;Far3;8;Sun;30.8;0;0;0
2021-06-10;16:44:00;Far3;9;Sun;30.8;0;0;0
2021-06-28;19:04:00;Far3;1;Sun;31.6;1;1;0
2021-06-28;19:04:00;Far3;2;Sun;31.6;1;1;0
2021-06-28;19:04:00;Far3;3;Sun;31.6;1;1;0
2021-06-28;19:04:00;Far3;4;Sun;31.6;1;1;0
2021-06-28;19:04:00;Far3;5;Sun;31.6;1;1;0
2021-06-28;19:04:00;Far3;6;Sun;31.6;1;1;0
2021-05-24;16:40:00;Far3;1;Both;30.6;0;0;0
2021-05-24;16:40:00;Far3;2;Both;30.6;0;0;0
2021-05-24;16:40:00;Far3;3;Sun;30.6;0;0;0
2021-05-24;16:40:00;Far3;4;Sun;30.6;1;0;0
2021-05-24;16:40:00;Far3;5;Sun;30.6;0;1;0
2021-05-24;16:40:00;Far3;6;Sun;30.6;1;1;0
2021-05-24;16:40:00;Far3;7;Sun;30.6;1;1;0
2021-06-21;19:18:00;Far3;1;Sun;35.9;1;1;1
2021-06-21;19:18:00;Far3;2;Sun;35.9;1;1;0
2021-06-21;19:18:00;Far3;3;Sun;35.9;1;1;0
2021-06-21;19:18:00;Far3;4;Sun;35.9;1;1;0
2021-06-21;19:18:00;Far3;5;Sun;35.9;1;1;0
2021-06-21;19:18:00;Far3;6;Sun;35.9;1;1;1
2021-07-02;17:18:00;Far3;1;Both;30.9;0;1;0
2021-07-02;17:18:00;Far3;2;Both;30.9;1;1;0
2021-07-02;17:18:00;Far3;3;Both;30.9;0;1;0
2021-07-02;17:18:00;Far3;4;Sun;30.9;1;1;0
2021-07-02;17:18:00;Far3;5;Sun;30.9;1;1;0
2021-07-02;17:18:00;Far3;6;Sun;30.9;1;1;0
2021-06-08;15:14:00;Far3;1;Both;33.9;0;0;0
2021-06-08;15:14:00;Far3;2;Both;33.9;1;1;0
2021-06-08;15:14:00;Far3;3;Both;33.9;0;1;1
2021-06-08;15:14:00;Far3;4;Sun;33.9;1;1;0
2021-06-08;15:14:00;Far3;5;Sun;33.9;1;1;0
2021-06-08;15:14:00;Far3;6;Sun;33.9;1;1;0
2021-06-08;15:14:00;Far3;7;Sun;33.9;1;1;0
2021-06-08;15:14:00;Far3;8;Sun;33.9;1;1;0
2021-07-10;17:08:00;Far3;1;Shade;32.4;0;0;0
2021-07-10;17:08:00;Far3;2;Shade;32.4;0;0;0
2021-07-10;17:08:00;Far3;3;Shade;32.4;0;0;0
2021-06-03;17:26:00;Far3;1;Both;40.6;0;1;0
2021-06-03;17:26:00;Far3;2;Both;40.6;1;1;0
2021-06-03;17:26:00;Far3;3;Sun;40.6;1;1;0
2021-06-03;17:26:00;Far3;4;Sun;40.6;1;1;1
2021-06-03;17:26:00;Far3;5;Sun;40.6;1;1;0
2021-06-13;17:50:00;Far3;1;Both;40.9;1;0;0
2021-06-13;17:50:00;Far3;2;Sun;40.9;1;1;0
2021-06-13;17:50:00;Far3;3;Sun;40.9;1;1;0
2021-06-13;17:50:00;Far3;4;Sun;40.9;1;1;0
2021-06-13;17:50:00;Far3;5;Sun;40.9;1;1;0
2021-06-13;17:50:00;Far3;6;Sun;40.9;1;1;0
2021-06-17;17:10:00;Far3;1;Shade;40.2;0;1;0
2021-06-17;17:10:00;Far3;2;Sun;40.2;1;0;0
2021-06-17;17:10:00;Far3;3;Sun;40.2;1;0;0
2021-06-17;17:10:00;Far3;4;Sun;40.2;1;1;0
2021-06-17;17:10:00;Far3;5;Sun;40.2;1;1;1
2021-06-20;17:52:00;Far3;1;Both;40.5;1;1;0
2021-06-20;17:52:00;Far3;2;Sun;40.5;1;1;0
2021-06-20;17:52:00;Far3;3;Sun;40.5;1;1;0
2021-06-20;17:52:00;Far3;4;Sun;40.5;1;1;0
2021-06-20;17:52:00;Far3;5;Sun;40.5;1;1;0
2021-06-20;17:52:00;Far3;6;Sun;40.5;1;1;0
2021-06-21;16:14:00;Far3;1;Both;41.8;0;1;0
2021-06-21;16:14:00;Far3;2;Sun;41.8;1;1;0
2021-06-21;16:14:00;Far3;3;Sun;41.8;1;1;1
2021-06-21;16:14:00;Far3;4;Sun;41.8;1;1;0
2021-06-21;16:14:00;Far3;5;Sun;41.8;1;1;0
2021-06-21;16:14:00;Far3;6;Sun;41.8;1;1;0
2021-06-21;16:14:00;Far3;7;Sun;41.8;1;1;0
2021-07-03;15:14:00;Far3;1;Shade;41.2;0;0;0
2021-07-03;15:14:00;Far3;2;Shade;41.2;0;0;0
2021-07-03;15:14:00;Far3;3;Shade;41.2;0;0;0
2021-07-03;15:14:00;Far3;4;Shade;41.2;0;0;0
2021-07-03;15:14:00;Far3;5;Shade;41.2;0;0;0
2021-07-03;15:14:00;Far3;6;Shade;41.2;0;1;0
2021-07-04;18:12:00;Far3;1;Both;43.9;0;1;0
2021-07-04;18:12:00;Far3;2;Sun;43.9;1;1;0
2021-07-04;18:12:00;Far3;3;Sun;43.9;1;1;0
2021-07-04;18:12:00;Far3;4;Sun;43.9;1;1;0
2021-07-04;18:12:00;Far3;5;Sun;43.9;1;1;0
2021-07-04;18:12:00;Far3;6;Sun;43.9;1;1;0
2020-06-06;17:56:00;Rost3;1;Shade;13.2;0;0;0
2020-06-06;17:56:00;Rost3;2;Shade;13.2;0;0;0
2020-06-06;17:56:00;Rost3;3;Both;13.2;0;0;0
2020-06-06;17:56:00;Rost3;4;Shade;13.2;0;0;0
2020-06-06;17:56:00;Rost3;5;Shade;13.2;0;0;0
2020-06-06;17:56:00;Rost3;6;Shade;13.2;0;0;0
2020-06-06;17:56:00;Rost3;7;Shade;13.2;0;0;0
2021-05-29;15:00:00;Rost3;1;Shade;10.6;0;0;0
2021-05-29;15:00:00;Rost3;2;Shade;10.6;0;0;0
2021-05-29;15:00:00;Rost3;3;Shade;10.6;0;0;0
2021-05-29;15:00:00;Rost3;4;Shade;10.6;0;0;0
2021-05-29;15:00:00;Rost3;5;Shade;10.6;0;0;0
2021-05-29;15:00:00;Rost3;6;Shade;10.6;0;0;0
2021-05-29;15:00:00;Rost3;7;Shade;10.6;0;0;0
2021-05-29;15:00:00;Rost3;8;Shade;10.6;0;0;0
2021-06-03;20:54:00;Rost3;1;Shade;16;0;0;0
2021-06-03;20:54:00;Rost3;2;Shade;16;0;0;0
2021-06-03;20:54:00;Rost3;3;Shade;16;0;0;0
2021-06-03;20:54:00;Rost3;4;Shade;16;0;0;0
2021-06-03;20:54:00;Rost3;5;Shade;16;0;0;0
2021-06-03;20:54:00;Rost3;6;Shade;16;0;0;0
2021-06-03;17:12:00;Rost3;1;Shade;20.2;0;0;0
2021-06-03;17:12:00;Rost3;2;Shade;20.2;0;0;0
2021-06-03;17:12:00;Rost3;3;Shade;20.2;0;0;0
2021-06-03;17:12:00;Rost3;4;Shade;20.2;0;0;0
2021-06-03;17:12:00;Rost3;5;Shade;20.2;0;0;0
2021-06-03;17:12:00;Rost3;6;Both;20.2;0;0;0
2021-06-03;17:12:00;Rost3;7;Both;20.2;0;0;1
2021-07-08;16:24:00;Rost3;1;Shade;21.1;0;0;0
2021-07-08;16:24:00;Rost3;2;Shade;21.1;0;0;0
2021-07-06;18:42:00;Rost3;1;Shade;24.9;0;0;0
2021-07-06;18:42:00;Rost3;2;Both;24.9;0;0;0
2021-07-06;18:42:00;Rost3;3;Both;24.9;0;0;0
2021-07-06;18:42:00;Rost3;4;Shade;24.9;0;0;0
2020-07-13;17:00:00;Rost3;1;Both;19.4;0;0;0
2020-07-13;17:00:00;Rost3;2;Shade;19.4;0;0;0
2020-07-13;17:00:00;Rost3;3;Shade;19.4;0;0;0
2020-07-13;17:00:00;Rost3;4;Shade;19.4;0;0;0
2021-05-23;19:24:00;Tri3;1;Shade;9.9;0;0;0
2021-05-23;19:24:00;Tri3;2;Shade;9.9;0;0;0
2021-05-23;19:24:00;Tri3;3;Shade;9.9;0;0;0
2021-05-08;19:40:00;Tri3;1;Sun;9.6;0;0;0
2021-05-08;19:40:00;Tri3;2;Sun;9.6;0;0;0
2021-05-08;19:40:00;Tri3;3;Sun;9.6;0;0;0
2021-05-08;19:40:00;Tri3;4;Sun;9.6;0;0;0
2021-05-08;19:40:00;Tri3;5;Sun;9.6;0;0;0
2021-05-08;19:40:00;Tri3;6;Sun;9.6;0;0;0
2021-05-08;19:40:00;Tri3;7;Sun;9.6;0;0;0
2021-05-08;19:40:00;Tri3;8;Sun;9.6;0;0;0
2021-07-02;18:46:00;Tri3;1;Sun;25.7;0;1;0
2021-07-02;18:46:00;Tri3;2;Sun;25.7;0;1;1
2021-07-02;18:46:00;Tri3;3;Sun;25.7;0;1;0
2021-07-02;18:46:00;Tri3;4;Sun;25.7;1;1;0
2021-05-23;20:20:00;Far3;1;Shade;9.9;0;0;0
2021-05-23;20:20:00;Far3;2;Shade;9.9;0;0;0
2021-05-23;20:20:00;Far3;3;Shade;9.9;0;0;0
2021-05-23;20:20:00;Far3;4;Shade;9.9;0;0;0
2021-05-23;20:20:00;Far3;5;Shade;9.9;0;0;0
2021-05-23;20:20:00;Far3;6;Shade;9.9;0;0;0
2021-05-23;20:20:00;Far3;7;Shade;9.9;0;0;0
2021-05-23;20:20:00;Far3;8;Shade;9.9;0;0;0
2021-05-23;20:20:00;Far3;9;Shade;9.9;0;0;0
2021-05-26;20:46:00;Far3;1;Shade;9.2;0;0;0
2021-05-26;20:46:00;Far3;2;Shade;9.2;0;0;0
2021-05-26;20:46:00;Far3;3;Shade;9.2;0;0;0
2021-05-26;20:46:00;Far3;4;Shade;9.2;0;0;0
2021-05-26;20:46:00;Far3;5;Shade;9.2;0;0;0
2021-05-26;20:46:00;Far3;6;Shade;9.2;0;0;0
2021-05-26;20:46:00;Far3;7;Shade;9.2;0;0;0
2021-05-26;20:46:00;Far3;8;Shade;9.2;0;0;0
2021-05-26;20:46:00;Far3;9;Shade;9.2;0;0;0
2021-05-29;20:50:00;Far3;1;Shade;9.8;0;0;0
2021-05-29;20:50:00;Far3;2;Shade;9.8;0;0;0
2021-05-29;20:50:00;Far3;3;Shade;9.8;0;0;0
2021-05-29;20:50:00;Far3;4;Shade;9.8;0;0;0
2021-05-29;20:50:00;Far3;5;Shade;9.8;0;0;0
2021-05-29;20:50:00;Far3;6;Shade;9.8;0;0;0
2021-05-29;20:50:00;Far3;7;Shade;9.8;0;0;0
2021-05-29;20:50:00;Far3;8;Shade;9.8;0;0;0
2021-06-02;20:38:00;Far3;1;Shade;17.2;0;0;0
2021-06-02;20:38:00;Far3;2;Shade;17.2;0;0;0
2021-06-02;20:38:00;Far3;3;Shade;17.2;0;0;0
2021-06-02;20:38:00;Far3;4;Shade;17.2;0;0;0
2021-06-02;20:38:00;Far3;5;Shade;17.2;0;0;0
2021-06-02;20:38:00;Far3;6;Shade;17.2;0;1;0
2021-06-02;20:38:00;Far3;7;Shade;17.2;0;0;0
2021-06-18;20:56:00;Far3;1;Sun;19.6;1;1;0
2021-06-18;20:56:00;Far3;2;Sun;19.6;1;1;0
2021-06-18;20:56:00;Far3;3;Sun;19.6;0;1;0
2021-06-18;20:56:00;Far3;4;Sun;19.6;0;0;1
2021-06-18;20:56:00;Far3;5;Sun;19.6;0;0;0
2021-06-18;20:56:00;Far3;6;Sun;19.6;0;1;0
2021-05-24;15:26:00;Far3;1;Shade;24.9;0;0;0
2021-05-24;15:26:00;Far3;2;Both;24.9;0;0;0
2021-05-24;15:26:00;Far3;3;Both;24.9;0;0;0
2021-05-24;15:26:00;Far3;4;Sun;24.9;0;1;0
2021-05-24;15:26:00;Far3;5;Sun;24.9;0;1;0
2021-05-24;15:26:00;Far3;6;Sun;24.9;0;0;0
2021-05-24;15:26:00;Far3;7;Sun;24.9;0;1;0
2021-05-30;17:32:00;Far3;1;Sun;26.3;0;0;0
2021-05-30;17:32:00;Far3;2;Both;26.3;0;0;0
2021-05-30;17:32:00;Far3;3;Both;26.3;0;0;0
2021-05-30;17:32:00;Far3;4;Sun;26.3;0;0;1
2021-05-30;17:32:00;Far3;5;Sun;26.3;1;1;0
2021-05-30;17:32:00;Far3;6;Sun;26.3;1;1;0
2021-05-30;17:32:00;Far3;7;Sun;26.3;1;0;0
2021-05-30;17:32:00;Far3;8;Sun;26.3;0;1;0
2021-05-30;18:24:00;Far3;1;Sun;31.3;0;1;0
2021-05-30;18:24:00;Far3;2;Sun;31.3;0;0;0
2021-05-30;18:24:00;Far3;3;Sun;31.3;1;0;0
2021-05-30;18:24:00;Far3;4;Sun;31.3;0;0;0
2021-05-30;18:24:00;Far3;5;Sun;31.3;1;0;0
2021-05-30;18:24:00;Far3;6;Sun;31.3;1;1;0
2021-05-30;18:24:00;Far3;7;Sun;31.3;1;1;0
2021-05-30;18:24:00;Far3;8;Sun;31.3;1;1;0
2021-05-30;18:24:00;Far3;9;Sun;31.3;1;1;0
2021-05-30;18:24:00;Far3;10;Sun;31.3;0;1;0
2021-05-30;18:24:00;Far3;11;Sun;31.3;0;1;0
2021-06-04;19:44:00;Far3;1;Sun;31;1;1;0
2021-06-04;19:44:00;Far3;2;Sun;31;0;1;0
2021-06-04;19:44:00;Far3;3;Sun;31;0;1;0
2021-06-04;19:44:00;Far3;4;Sun;31;1;1;0
2021-06-04;19:44:00;Far3;5;Sun;31;0;1;0
2021-06-04;19:44:00;Far3;6;Sun;31;1;1;0
2021-06-04;19:44:00;Far3;7;Sun;31;1;1;0
2021-06-14;15:18:00;Far3;1;Both;24.1;0;0;0
2021-06-14;15:18:00;Far3;2;Both;24.1;0;0;0
2021-06-14;15:18:00;Far3;3;Both;24.1;0;0;0
2021-06-14;15:18:00;Far3;4;Sun;24.1;0;0;1
2021-06-14;15:18:00;Far3;5;Sun;24.1;0;0;0
2021-06-14;15:18:00;Far3;6;Sun;24.1;0;0;0
2021-06-14;15:18:00;Far3;7;Sun;24.1;0;1;0
2021-07-01;20:14:00;Far3;1;Sun;21.9;0;1;0
2021-07-01;20:14:00;Far3;2;Sun;21.9;0;1;0
2021-07-01;20:14:00;Far3;3;Sun;21.9;1;1;0
2021-07-01;20:14:00;Far3;4;Sun;21.9;0;1;0
2021-07-01;20:14:00;Far3;5;Sun;21.9;1;1;0
2021-07-01;20:14:00;Far3;6;Sun;21.9;1;1;0
2021-06-17;18:48:00;Far3;1;Sun;37.8;1;1;0
2021-06-17;18:48:00;Far3;2;Sun;37.8;1;1;0
2021-06-17;18:48:00;Far3;3;Sun;37.8;1;1;0
2021-06-17;18:48:00;Far3;4;Sun;37.8;1;1;1
2021-06-17;18:48:00;Far3;5;Sun;37.8;1;1;0
2021-06-17;18:48:00;Far3;6;Sun;37.8;1;1;1
2020-06-19;19:00:00;Rost3;1;Shade;18.6;0;0;0
2020-06-19;19:00:00;Rost3;2;Shade;18.6;0;0;0
2020-06-19;19:00:00;Rost3;3;Shade;18.6;0;0;0
2020-06-19;19:00:00;Rost3;4;Shade;18.6;0;0;0
2020-06-19;19:00:00;Rost3;5;Shade;18.6;0;0;0
2020-06-19;19:00:00;Rost3;6;Sun;18.6;0;0;0
2020-06-19;19:00:00;Rost3;7;Both;18.6;0;0;0
2020-06-19;19:00:00;Rost3;8;Both;18.6;0;0;0
